Date,Tower,pH,Turbidity,TSS,FRC,Conductivity,TDS,Total Hardness,Calcium Hardness,Magnesium Hardness,Chlorides,Ortho PO4,Total Alkalinity,P Alkalinity,Total Iron,SS,Sulphate,Silica
08-01-2024,CT 850 TPD,7.22,14,0,0,1165,781,565,203,362,186,0,0,0,0,0,0,0
08-01-2024,NEW CT,7.77,94,0,0,1714,1149,746,416,330,300,4.5,0,0,0.5,0,0,77
08-01-2024,OLD CT,7.24,31,0,0,1746,1170,805,443,362,300,2.1,0,0,0.5,0,0,80
10-01-2024,CT 850 TPD,7.18,15,0,0,986,661,594,320,274,167,0,0,0,0,0,0,0
10-01-2024,NEW CT,8.16,25,0,0,1280,858,710,406,304,189,3.9,0,0,0.6,0,0,85
10-01-2024,OLD CT,7.25,18,0,0.6,1882,1261,858,496,362,255,2.7,0,0,0.6,0,0,83
08-02-2024,CT 850 TPD,7.02,11,0,0.1,1177,789,551,194,357,194,0,0,0,0,0,0,0
08-02-2024,NEW CT,8.32,81,0,0,1489,998,732,402,330,316,4.6,0,0,0.5,0,0,79
08-02-2024,OLD CT,7.88,14,0,0,1452,973,791,447,344,284,2.2,0,0,0.5,0,0,78
09-02-2024,CT 850 TPD,8.39,12,0,0.6,1023,686,417,218,199,146,0,0,0,0,0,0,0
09-02-2024,ECH CT,8.85,0,0,0,0,875,425,262,163,130,7,295,6,0,0,0,0
09-02-2024,NEW CT,7,18,0,0.8,1244,834,552,504,48,212,3.3,0,0,0.5,0,0,80
09-02-2024,OLD CT,7.11,16,0,0.6,1843,1235,843,767,76,228,2.6,0,0,0.5,0,0,84
10-02-2024,CT 850 TPD,8.04,17,0,0.5,970,650,580,316,264,153,0,0,0,0,0,0,0
10-02-2024,ECH CT,9.18,15,0,0,1164,780,488,293,195,130,6.4,348,9,0,0,0,0
10-02-2024,NEW CT,8.4,21,0,0,1243,833,691,394,297,160,4,0,0,0.6,0,0,81
10-02-2024,OLD CT,7.75,16,0,0.6,1844,1236,844,487,357,248,2.6,0,0,0.6,0,0,85
08-03-2024,CT 850 TPD,7.09,18,0,0.6,1213,813,560,185,375,170,0,0,0,0,0,0,0
08-03-2024,NEW CT,8.33,84,0,0,1377,923,759,398,361,308,4.3,0,0,0.5,0,0,76
08-03-2024,OLD CT,7.7,12,0,0,1676,1123,798,447,351,288,2.1,0,0,0.5,0,0,75
09-03-2024,CT 850 TPD,8.17,12,0,0,989,663,406,218,188,122,0,0,0,0,0,0,0
09-03-2024,ECH CT,8.8,0,0,0,1313,880,423,260,163,127,6.9,297,6,0,0,0,0
09-03-2024,NEW CT,7.53,41,0,0,1088,729,561,193,368,368,3.5,0,0,0,0,0,78
09-03-2024,OLD CT,7,22,0,0,2032,1362,838,356,482,483,2.8,0,0,0.6,0,0,80
09-04-2024,CT 850 TPD,7.15,21,0,0.2,1205,808,478,259,219,154,0,0,0,0,0,0,0
09-04-2024,ECH CT,8.65,0,0,0,1291,865,427,263,164,130,6.7,302,6,0,0,0,0
09-04-2024,NEW CT,7.72,21,0,0.1,1198,803,575,235,340,227,3.6,0,0,0.5,0,0,85
09-04-2024,OLD CT,7.02,30,0,1,2608,1748,970,427,543,203,2.6,0,0,0.6,0,0,91
10-04-2024,ECH CT,8.9,15,0,0,1097,735,545,337,208,132,7,310,8,0,0,0,0
08-05-2024,CT 850 TPD,8.01,15,0,0.3,1328,890,524,194,330,186,0,0,0,0,0,0,0
08-05-2024,NEW CT,8.13,61,0,0,1374,921,683,334,349,284,4.3,0,0,0.5,0,0,80
08-05-2024,OLD CT,7.71,14,0,0,1805,1210,759,420,339,259,2.3,0,0,0.5,0,0,80
09-05-2024,CT 850 TPD,7.76,24,0,0,1035,694,462,239,223,138,0,0,0,0,0,0,0
09-05-2024,ECH CT,8.98,0,0,0,1194,800,438,274,164,139,6.8,318,7,0,0,0,0
09-05-2024,NEW CT,7.48,31,0,0,1029,690,501,216,285,178,3.2,0,0,0.5,0,0,90
09-05-2024,OLD CT,6.96,32,0,0,2247,1506,940,417,523,227,2.8,0,0,0.6,0,0,85
10-05-2024,CT 850 TPD,7.65,15,0,0,976,654,566,302,264,167,0,0,0,0,0,0,0
10-05-2024,ECH CT,8.93,15,0,0,1089,730,542,336,206,137,6.9,317,8,0,0,0,0
10-05-2024,NEW CT,7.95,26,0,0,1323,887,668,380,288,160,3.9,0,0,0.5,0,0,82
10-05-2024,OLD CT,7.37,20,0,0.5,1825,1223,640,469,171,240,2.5,0,0,0.5,0,0,87
08-06-2024,CT 850 TPD,7.6,11,0,0.2,1300,871,520,203,317,203,0,0,0,0,0,0,0
08-06-2024,NEW CT,8.39,59,0,0,1404,941,692,357,335,292,4.6,0,0,0.5,0,0,75
08-06-2024,OLD CT,7.98,12,0,0,2132,1429,773,429,344,259,2.5,0,0,0.5,0,0,75
09-06-2024,CT 850 TPD,7.21,20,0,0,1029,690,447,224,223,154,0,0,0,0,0,0,0
09-06-2024,ECH CT,9.22,0,0,0,1102,720,350,224,126,142,7,300,8,0,0,0,0
09-06-2024,NEW CT,5.68,34,0,0.4,1062,712,515,202,313,252,3.4,0,0,0.5,0,0,81
09-06-2024,OLD CT,7.23,36,0,0,2925,1960,889,523,366,252,3.3,0,0,0.6,0,0,89
08-07-2024,CT 850 TPD,7.8,19,0,0.5,1307,876,511,190,321,194,0,0,0,0,0,0,0
08-07-2024,NEW CT,7.94,62,0,0,1397,936,687,339,348,275,4.5,0,0,0.5,0,0,78
08-07-2024,OLD CT,7.89,19,0,0,2566,1791,782,420,362,284,2.4,0,0,0.5,0,0,78
09-07-2024,ECH CT,9.28,0,0,0,1044,700,348,219,129,144,7.2,310,9,0,0,0,0
10-07-2024,CT 850 TPD,7.79,18,0,0,986,661,557,302,255,138,0,0,0,0,0,0,0
10-07-2024,ECH CT,8.9,0,0,0,1124,753,473,0,473,120,7.1,339,6,0,0,0,0
10-07-2024,OLD CT,7.53,22,0,0.6,1582,1060,691,436,255,226,2.3,0,0,0.6,0,0,86
08-08-2024,CT 850 TPD,7.99,28,0,0,1415,948,533,0,533,203,0,0,0,0,0,0,0
08-08-2024,NEW CT,8.43,64,0,0,1331,892,701,348,353,284,4.4,0,0,0.5,0,0,74
08-08-2024,OLD CT,7.54,12,0,0,2714,1819,814,434,380,275,2.5,0,0,0.5,0,0,76
13-08-2024,CT 850 TPD,7.83,17,0,0,1380,925,462,356,106,178,0,0,0,0,0,0,0
13-08-2024,NEW CT,6.5,78,0,1,1562,1047,524,244,280,268,4.5,0,0,0.6,0,0,72
13-08-2024,OLD CT,7.26,23,0,0,3014,2020,1214,589,625,284,2.6,0,0,0.6,0,0,75
14-08-2024,CT 850 TPD,7.68,19,0,0,1489,998,469,221,248,170,0,0,0,0,0,0,0
14-08-2024,NEW CT,7.3,68,0,0.4,1541,1033,506,258,248,251,4.2,0,0,0.5,0,0,78
14-08-2024,OLD CT,7.74,25,0,0,2797,1874,1205,575,630,259,2.4,0,0,0.5,0,0,78
16-08-2024,CT 850 TPD,7.59,13,0,0,1331,892,279,207,72,170,0,0,0,0,0,0,0
16-08-2024,NEW CT,7.32,33,0,0.6,1589,1065,699,354,345,251,4.2,0,0,0.5,0,0,76
16-08-2024,OLD CT,7.47,37,0,0.1,2328,1560,1207,658,549,259,2.4,0,0,0.5,0,0,77
17-08-2024,CT 850 TPD,7.28,15,0,0.3,1338,897,492,221,271,178,0,0,0,0,0,0,0
17-08-2024,NEW CT,7.27,85,0,0.5,1573,1054,621,331,290,235,4.3,0,0,0.5,0,0,77
17-08-2024,OLD CT,7.51,37,0,0,2035,1364,1219,672,547,284,2.4,0,0,0.5,0,0,77
20-08-2024,CT 850 TPD,7.25,17,0,0,1314,881,474,212,262,170,0,0,0,0,0,0,0
20-08-2024,NEW CT,7.4,70,0,1,1549,1038,708,327,381,259,4.4,0,0,0.5,0,0,96
20-08-2024,OLD CT,7.58,31,0,0,1965,1317,1293,745,548,284,2.3,0,0,0.6,0,0,93
21-08-2024,CT 850 TPD,7.44,14,0,0,1334,874,483,285,198,178,0,0,0,0,0,0,0
21-08-2024,NEW CT,7.95,58,0,0,1405,942,713,331,382,267,4.5,0,0,0,0,0,95
21-08-2024,OLD CT,7.25,32,0,0.1,1967,1318,777,483,294,284,2.3,0,0,0.6,0,0,95
22-08-2024,CT 850 TPD,7.97,21,0,0.2,1257,842,474,207,267,170,0,0,0,0,0,0,0
22-08-2024,NEW CT,7.84,60,0,0.6,1404,941,704,327,377,251,4.3,0,0,0.5,0,0,90
22-08-2024,OLD CT,6.95,81,0,0.6,2908,1972,828,506,322,267,2.4,0,0,0.5,0,0,86
23-08-2024,CT 850 TPD,7.73,33,0,0.2,1361,912,481,198,283,162,0,0,0,0,0,0,0
23-08-2024,NEW CT,6.96,55,0,0.8,1400,938,695,350,345,286,4.6,0,0,0.5,0,0,96
23-08-2024,OLD CT,7.6,36,0,0,1780,1193,805,570,235,251,2.4,0,0,0.5,0,0,81
24-08-2024,CT 850 TPD,7.78,24,0,0.5,1392,933,531,258,273,146,0,0,0,0,0,0,0
24-08-2024,NEW CT,7,52,0,0.5,1450,972,810,409,401,292,4.4,0,0,0.6,0,0,85
24-08-2024,OLD CT,7.62,27,0,0,1861,1247,851,580,271,292,2.6,0,0,0.6,0,0,79
27-08-2024,CT 850 TPD,7.56,23,0,0,1085,727,460,239,221,122,0,0,0,0,0,0,0
27-08-2024,NEW CT,7.6,60,0,0,1223,820,460,278,182,211,4,0,0,0.5,0,0,78
27-08-2024,OLD CT,7.26,35,0,0,1880,1260,764,529,235,295,2.5,0,0,0.5,0,0,78
28-08-2024,CT 850 TPD,7.23,19,0,0,1052,705,515,253,262,146,0,0,0,0,0,0,0
28-08-2024,NEW CT,8.3,52,0,0,1077,722,699,299,400,251,4.3,0,0,0.5,0,0,86
28-08-2024,OLD CT,7.47,21,0,0,1964,1316,833,566,267,275,2.7,0,0,0.5,0,0,81
29-08-2024,CT 850 TPD,7.34,21,0,0,986,661,529,217,312,130,0,0,0,0,0,0,0
29-08-2024,NEW CT,7.36,50,0,0.5,1120,751,727,285,442,243,4.2,0,0,0.5,0,0,81
29-08-2024,OLD CT,7.4,23,0,0.5,1992,1335,842,589,308,275,2.3,0,0,0.5,0,0,85
30-08-2024,CT 850 TPD,6.98,22,0,0,940,630,520,250,270,138,0,0,0,0,0,0,0
30-08-2024,NEW CT,7.64,39,0,0,923,619,566,294,272,219,4.2,0,0,0.5,0,0,87
30-08-2024,OLD CT,7.6,22,0,0.4,2279,1527,851,570,281,275,2.5,0,0,0.5,0,0,83
31-08-2024,CT 850 TPD,7.59,16,0,0,989,663,474,290,184,146,0,0,0,0,0,0,0
31-08-2024,NEW CT,7.86,52,0,0,1104,740,621,352,269,211,4.3,0,0,0.6,0,0,83
31-08-2024,OLD CT,7.6,23,0,0,1961,1314,810,437,373,251,2.7,0,0,0.6,0,0,93
07-09-2024,CT 850 TPD,7.6,20,0,0,1186,795,457,229,228,162,0,0,0,0,0,0,0
07-09-2024,NEW CT,7.2,40,0,0,1476,989,529,207,322,236,3.3,0,0,0.5,0,0,80
07-09-2024,OLD CT,7.17,20,0,0.2,2383,1597,904,508,396,236,3.2,0,0,0.6,0,0,90
08-09-2024,CT 850 TPD,7.67,16,0,0.5,1271,852,520,194,326,194,0,0,0,0,0,0,0
08-09-2024,NEW CT,7.74,53,0,0,1305,875,692,339,353,292,4.5,0,0,0.5,0,0,76
08-09-2024,OLD CT,7.31,27,0,0,0,2060,805,425,380,284,2.4,0,0,0.5,0,0,78
09-09-2024,CT 850 TPD,7.34,34,0,0.5,1052,705,462,244,218,138,0,0,0,0,0,0,0
09-09-2024,ECH CT,9.25,27,0,0,1077,722,353,229,124,146,6.9,315,8,0,0,0,0
09-09-2024,NEW CT,7.84,31,0,0,1004,673,520,198,322,228,3.1,0,0,0.5,0,0,81
09-09-2024,OLD CT,7.38,21,0,0.7,2155,1444,909,472,437,252,3.1,0,0,0.6,0,0,83
10-09-2024,CT 850 TPD,7.63,45,0,0,1016,681,362,195,167,105,0,0,0,0,0,0,0
10-09-2024,ECH CT,9.25,10,0,0,1184,793,502,309,193,125,6.4,378,9,0,0,0,0
10-09-2024,OLD CT,7.54,22,0,0,1536,1029,864,447,417,244,2.9,0,0,0.6,0,0,77
11-09-2024,CT 850 TPD,7.46,32,0,0,976,654,362,185,177,97,0,0,0,0,0,0,0
11-09-2024,ECH CT,8.9,0,0,0,1020,684,364,233,131,130,6.2,298,8,0,0,0,0
11-09-2024,NEW CT,7.96,38,0,0,1123,752,437,143,294,211,3.3,0,0,0.5,0,0,82
11-09-2024,OLD CT,7.44,12,0,0,1934,1296,838,432,406,236,3.1,0,0,0,0,0,81
12-09-2024,CT 850 TPD,7.36,28,0,0,974,653,384,190,194,131,0,0,0,0,0,0,0
12-09-2024,NEW CT,7.55,35,0,0.6,1134,760,432,138,294,204,3.1,0,0,0.5,0,0,80
12-09-2024,OLD CT,7.16,16,0,0.6,2024,1356,899,437,462,226,3,0,0,0.6,0,0,79
13-09-2024,CT 850 TPD,7.43,29,0,0.5,873,585,375,181,194,116,0,0,0,0,0,0,0
13-09-2024,ECH CT,8.92,0,0,0,1004,673,360,229,131,140,6.2,303,9,0,0,0,0
13-09-2024,NEW CT,7.32,46,0,0.2,1149,770,419,152,267,196,3.2,0,0,0.5,0,0,79
13-09-2024,OLD CT,7.31,22,0,0.2,1516,1016,889,427,462,218,3.1,0,0,0.5,0,0,84
14-09-2024,CT 850 TPD,7.83,22,0,0.5,1334,594,362,190,172,124,0,0,0,0,0,0,0
14-09-2024,ECH CT,8.87,0,0,0,1014,680,365,232,133,145,6.4,310,9,0,0,0,0
14-09-2024,NEW CT,7.92,30,0,0,1221,818,423,156,267,282,3.3,0,0,0.4,0,0,83
14-09-2024,OLD CT,7.3,18,0,0,2270,1521,914,442,472,240,3.3,0,0,0.5,0,0,80
16-09-2024,CT 850 TPD,7.44,23,0,0.6,876,587,374,178,196,109,0,0,0,0,0,0,0
16-09-2024,ECH CT,8.85,13,0,0,1132,759,344,213,131,122,6,290,4,0,0,0,0
16-09-2024,NEW CT,7.02,43,0,0.6,1101,738,520,198,322,175,3.1,0,0,0.5,0,0,81
17-09-2024,CT 850 TPD,7.66,25,0,0,928,622,394,182,212,138,0,0,0,0,0,0,0
17-09-2024,ECH CT,8.9,11,0,0,1140,764,369,233,136,128,6.2,302,5,0,0,0,0
17-09-2024,NEW CT,7.79,43,0,0,1311,879,529,207,322,204,3.2,0,0,0.5,0,0,79
17-09-2024,OLD CT,8.23,90,0,0,1073,719,828,737,91,391,3.2,0,0,0.5,0,0,81
18-09-2024,CT 850 TPD,7.6,30,0,0.5,886,594,389,187,202,109,0,0,0,0,0,0,0
18-09-2024,ECH CT,9,12,0,0,1094,733,359,230,129,130,6.4,310,6,0,0,0,0
18-09-2024,NEW CT,7.4,47,0,0.6,1362,913,515,221,294,182,3.5,0,0,0.5,0,0,85
18-09-2024,OLD CT,7.7,86,0,0.2,1110,744,848,332,516,211,3,0,0,0.5,0,0,79
19-09-2024,CT 850 TPD,7.73,24,0,0,1023,686,394,192,202,116,0,0,0,0,0,0,0
19-09-2024,ECH CT,8.89,13,0,0,1073,724,346,213,133,124,6.6,308,5,0,0,0,0
19-09-2024,NEW CT,7.5,28,0,0.5,1412,946,557,206,351,196,3.4,0,0,0.5,0,0,81
19-09-2024,OLD CT,7.6,35,0,0.4,1144,767,749,403,346,192,3.1,0,0,0.5,0,0,83
20-09-2024,CT 850 TPD,7.77,26,0,0,1056,708,379,178,201,102,0,0,0,0,0,0,0
20-09-2024,ECH CT,8.86,0,0,0,1064,713,366,208,158,142,6,316,7,0,0,0,0
20-09-2024,NEW CT,7.93,31,0,0.5,1552,1040,547,211,336,189,3.5,0,0,0.5,0,0,78
20-09-2024,OLD CT,7.02,33,0,0.2,1446,969,758,389,369,187,3.3,0,0,0.5,0,0,78
21-09-2024,CT 850 TPD,7.82,36,0,0,1016,681,371,181,190,122,0,0,0,0,0,0,0
21-09-2024,ECH CT,8.87,12,0,0,1053,703,354,200,154,140,6.4,310,6,0,0,0,0
21-09-2024,NEW CT,7.92,38,0,0,1464,981,534,190,344,203,3.4,0,0,0.5,0,0,76
21-09-2024,OLD CT,7.76,20,0,0,1347,903,728,385,343,171,3.5,0,0,0.5,0,0,80
23-09-2024,CT 850 TPD,8.02,25,0,0,1120,751,399,162,237,106,0,0,0,0,0,0,0
23-09-2024,ECH CT,8.78,14,0,0,1040,697,358,208,150,137,6.5,317,5,0,0,0,0
23-09-2024,NEW CT,7.82,23,0,0,1510,1016,529,241,288,203,3.2,0,0,0.5,0,0,76
23-09-2024,OLD CT,7.69,22,0,0.5,1608,1078,696,348,348,178,3.3,0,0,0.5,0,0,80
24-09-2024,CT 850 TPD,7.35,24,0,0.4,1067,715,413,153,260,110,0,0,0,0,0,0,0
24-09-2024,ECH CT,8.7,11,0,0,1014,680,369,212,157,129,6.4,320,4,0,0,0,0
24-09-2024,NEW CT,7.47,20,0,0,1476,989,548,232,316,187,3.1,0,0,0.5,0,0,75
24-09-2024,OLD CT,7.15,20,0,0,1774,1189,668,339,329,186,3.3,0,0,0.5,0,0,80
25-09-2024,CT 850 TPD,8.12,45,0,0,1092,732,418,167,251,114,0,0,0,0,0,0,0
25-09-2024,ECH CT,8.78,12,0,0,1033,692,357,200,157,132,6,309,6,0,0,0,0
25-09-2024,NEW CT,8.45,35,0,0,1382,926,552,237,315,179,3.2,0,0,0.5,0,0,76
25-09-2024,OLD CT,7.59,30,0,0.5,1613,1081,724,380,344,203,3.5,0,0,0.5,0,0,81
26-09-2024,CT 850 TPD,7.47,44,0,0.7,1071,718,499,165,334,109,0,0,0,0,0,0,0
26-09-2024,ECH CT,9.1,14,0,0,1030,690,398,264,134,140,6.5,320,9,0,0,0,0
26-09-2024,NEW CT,7.84,32,0,0,1280,858,538,209,329,195,3.5,0,0,0.5,0,0,80
26-09-2024,OLD CT,7.29,30,0,0.8,1613,1081,701,371,330,186,3.2,0,0,0.5,0,0,85
27-09-2024,CT 850 TPD,7.99,58,0,0,1220,818,445,199,246,116,0,0,0,0,0,0,0
27-09-2024,ECH CT,9.09,18,0,0,1041,698,409,254,155,122,6.8,328,8,0,0,0,0
27-09-2024,NEW CT,8.11,46,0,0,1593,1067,510,212,298,179,3.2,0,0,0.5,0,0,78
27-09-2024,OLD CT,7.2,23,0,0,1805,1210,665,324,341,175,3.1,0,0,0.5,0,0,82
28-09-2024,CT 850 TPD,8.2,34,0,0,1095,734,379,177,202,109,0,0,0,0,0,0,0
28-09-2024,ECH CT,8.2,16,0,0,1164,780,456,293,163,120,7,340,10,0,0,0,0
28-09-2024,NEW CT,7.6,42,0,0,1556,1043,505,207,298,187,3.4,0,0,0.5,0,0,81
28-09-2024,OLD CT,6.97,15,0,0,1740,1166,661,333,328,167,3.3,0,0,0.5,0,0,79
30-09-2024,CT 850 TPD,7.75,19,0,0.6,1120,751,402,194,208,116,0,0,0,0,0,0,0
30-09-2024,ECH CT,9.25,16,0,0,1149,770,444,290,154,127,6.9,332,9,0,0,0,0
30-09-2024,NEW CT,7.95,26,0,0,1349,904,501,199,302,187,3.2,0,0,0.5,0,0,79
30-09-2024,OLD CT,6.9,18,0,0.2,1812,1214,665,328,337,160,3.1,0,0,0.5,0,0,81
01-10-2024,ECH CT,8.85,9.1,0,0,1179,790,475,296,179,122,7,325,9,0,0,0,0
03-10-2024,CT 850 TPD,7.82,17,0,0,908,609,561,302,259,146,0,0,0,0,0,0,0
03-10-2024,ECH CT,8.93,15,0,0,1088,729,533,330,203,138,7,314,8,0,0,0,0
03-10-2024,NEW CT,8.25,19,0,0,1082,725,659,380,279,146,3.7,0,0,0.5,0,0,77
03-10-2024,OLD CT,7.15,18,0,0.5,1502,1007,835,473,362,233,2.5,0,0,0.5,0,0,81
04-10-2024,CT 850 TPD,7.96,20,0,0,952,638,575,288,287,156,0,0,0,0,0,0,0
04-10-2024,NEW CT,8.04,21,0,0,1343,900,843,385,458,175,3.8,0,0,0.5,0,0,79
04-10-2024,OLD CT,7.66,24,0,0.5,1762,1181,844,478,366,240,2.4,0,0,0.5,0,0,83
07-10-2024,NEW CT,8.73,19,0,0,1258,843,529,278,251,153,3.5,0,0,0.5,0,0,78
08-10-2024,CT 850 TPD,7.73,31,0,0,1174,787,506,249,257,170,0,0,0,0,0,0,0
08-10-2024,CT 850 TPD,7.39,34,0,0.8,1101,738,579,294,285,160,0,0,0,0,0,0,0
08-10-2024,ECH CT,8.94,0,0,0,1119,750,470,291,179,126,6.8,344,7,0,0,0,0
08-10-2024,NEW CT,8.1,48,0,0,1089,730,737,353,384,300,4.4,0,0,0.6,0,0,72
08-10-2024,NEW CT,8.8,18,0,0,1220,818,547,280,267,167,3.8,0,0,0.5,0,0,82
08-10-2024,OLD CT,7.77,18,0,0.1,2718,1962,827,458,369,264,2.5,0,0,0.6,0,0,68
08-10-2024,OLD CT,7.82,51,0,0.8,1679,1125,655,429,226,262,2.4,0,0,0.5,0,0,85
09-10-2024,CT 850 TPD,7.67,19,0,0.6,982,658,547,285,262,153,0,0,0,0,0,0,0
09-10-2024,ECH CT,8.84,20,0,0,1041,698,368,238,130,133,6.5,302,7,0,0,0,0
09-10-2024,NEW CT,7.05,47,0,0.8,1126,755,442,147,295,203,3.2,0,0,0.5,0,0,78
09-10-2024,NEW CT,8.82,22,0,0,1268,850,542,276,266,153,3.7,0,0,0.5,0,0,76
09-10-2024,OLD CT,7.66,40,0,0,1743,1168,660,420,240,240,2.1,0,0,0.5,0,0,82
10-10-2024,CT 850 TPD,7.96,21,0,0.2,1032,692,533,280,253,160,0,0,0,0,0,0,0
10-10-2024,ECH CT,9.3,13,0,0,1176,788,509,310,199,121,6.6,384,9,0,0,0,0
10-10-2024,NEW CT,8.83,24,0,0,1326,889,565,280,285,146,3.5,0,0,0.5,0,0,80
10-10-2024,OLD CT,7.92,35,0,0,1968,1319,673,307,366,247,2.2,0,0,0.5,0,0,85
11-10-2024,CT 850 TPD,7.96,17,0,0.8,957,641,524,289,235,153,0,0,0,0,0,0,0
11-10-2024,ECH CT,9.09,15,0,0,1208,810,513,0,513,124,6.9,390,7,0,0,0,0
11-10-2024,NEW CT,8.49,25,0,0,1320,885,556,271,285,160,3.7,0,0,0.5,0,0,82
11-10-2024,OLD CT,7.85,33,0,0,2192,1469,664,294,370,212,2.1,0,0,0.5,0,0,79
12-10-2024,CT 850 TPD,7.81,19,0,0.2,1001,671,529,285,244,160,0,0,0,0,0,0,0
12-10-2024,NEW CT,8.12,26,0,0,1365,915,551,285,266,146,3.6,0,0,0.5,0,0,78
12-10-2024,OLD CT,7.83,28,0,0.5,2674,1792,669,289,380,247,2.2,0,0,0.5,0,0,81
14-10-2024,CT 850 TPD,7.89,22,0,0.1,937,628,333,289,44,167,0,0,0,0,0,0,0
14-10-2024,ECH CT,8.8,18,0,0,1269,850,540,335,205,128,7,309,6,0,0,0,0
14-10-2024,NEW CT,7.48,25,0,0,1425,955,397,280,117,226,3.5,0,0,0.5,0,0,77
14-10-2024,OLD CT,6.83,28,0,1,2573,1724,678,325,353,306,2.3,0,0,0.5,0,0,82
15-10-2024,CT 850 TPD,7.99,22,0,1,955,640,538,285,253,153,0,0,0,0,0,0,0
15-10-2024,ECH CT,9.25,16,0,0,1234,827,523,324,199,135,6.8,315,7,0,0,0,0
15-10-2024,NEW CT,7.93,31,0,0,1396,935,601,278,323,175,3.2,0,0,0.5,0,0,79
15-10-2024,OLD CT,6.95,29,0,1,2984,1999,687,334,353,298,2.1,0,0,0.5,0,0,81
16-10-2024,CT 850 TPD,8.25,17,0,0,828,555,441,271,170,146,0,0,0,0,0,0,0
16-10-2024,ECH CT,9.2,7,0,0,1104,740,430,266,164,135,6.4,310,8,0,0,0,0
16-10-2024,NEW CT,8.23,22,0,0,1259,844,588,267,321,160,3.4,0,0,0.5,0,0,85
16-10-2024,OLD CT,7.48,24,0,0.2,2779,1862,678,330,348,291,2.2,0,0,0.5,0,0,86
17-10-2024,CT 850 TPD,7.61,15,0,0,798,535,452,262,190,138,0,0,0,0,0,0,0
17-10-2024,ECH CT,9.4,13,0,0,1014,680,380,235,145,170,6.8,344,10,0,0,0,0
17-10-2024,NEW CT,7.87,20,0,0.2,1250,838,579,262,317,153,3.3,0,0,0.5,0,0,81
17-10-2024,OLD CT,7.85,19,0,0,2331,1562,655,325,330,277,2.3,0,0,0.5,0,0,83
18-10-2024,CT 850 TPD,8,23,0,0.9,946,634,473,260,213,153,0,0,0,0,0,0,0
18-10-2024,ECH CT,9.3,12,0,0,1009,672,354,226,128,168,6,340,9,0,0,0,0
18-10-2024,NEW CT,7.79,26,0,0.5,1439,964,570,262,308,160,3.6,0,0,0.5,0,0,81
18-10-2024,OLD CT,7.43,18,0,0,2553,1711,659,339,320,277,2.1,0,0,0.5,0,0,82
19-10-2024,CT 850 TPD,8.22,26,0,0,1074,720,469,255,214,146,0,0,0,0,0,0,0
19-10-2024,ECH CT,9.27,12,0,0,1007,675,360,227,133,175,6.2,332,8,0,0,0,0
19-10-2024,NEW CT,8.02,35,0,1,1664,1115,583,262,321,167,3.4,0,0,0.5,0,0,79
19-10-2024,OLD CT,7.36,22,0,0.8,2764,1852,668,336,332,284,2.2,0,0,0.5,0,0,79
21-10-2024,CT 850 TPD,7.99,22,0,0,1025,687,469,255,214,167,0,0,0,0,0,0,0
21-10-2024,ECH CT,9.2,13,0,0,1074,720,400,248,152,159,6.4,302,8,0,0,0,0
21-10-2024,NEW CT,7.93,40,0,0.6,1559,1045,596,237,359,160,3.9,0,0,0.5,0,0,83
21-10-2024,OLD CT,7.67,24,0,0.6,2496,1672,696,292,404,370,4.3,0,0,0.6,0,0,80
22-10-2024,CT 850 TPD,7.84,16,0,0.2,1018,682,473,246,227,153,0,0,0,0,0,0,0
22-10-2024,ECH CT,9.1,12,0,0,1201,805,422,259,163,162,6.9,300,6,0,0,0,0
22-10-2024,NEW CT,7.98,38,0,0,1683,1128,591,228,363,167,4.1,0,0,0.5,0,0,80
22-10-2024,OLD CT,7.35,30,0,0.4,2385,1598,770,362,408,335,3.5,0,0,0.6,0,0,82
23-10-2024,CT 850 TPD,8.13,16,0,0.4,764,512,464,241,223,146,0,0,0,0,0,0,0
23-10-2024,ECH CT,9.15,12,0,0,1211,812,413,256,157,168,6.7,295,7,0,0,0,0
23-10-2024,NEW CT,7.84,38,0,0.9,1714,1149,582,224,358,175,4.3,0,0,0.5,0,0,85
23-10-2024,OLD CT,7.48,21,0,0.4,2714,1819,789,371,418,364,3.5,0,0,0.5,0,0,86
24-10-2024,CT 850 TPD,8,14,0,0,1058,709,475,240,235,160,0,0,0,0,0,0,0
24-10-2024,ECH CT,9.2,10,0,1,1238,830,420,273,147,170,6.5,300,9,0,0,0,0
24-10-2024,NEW CT,7.12,32,0,0.5,1673,1121,573,215,358,163,4.2,0,0,0.5,0,0,82
24-10-2024,OLD CT,7.65,18,0,0,2577,1727,759,253,506,349,3.4,0,0,0.5,0,0,80
25-10-2024,CT 850 TPD,8.16,16,0,0.8,0,774,484,249,235,167,0,0,0,0,0,0,0
25-10-2024,ECH CT,9.14,11,0,0,1185,794,412,268,144,164,7,302,8,0,0,0,0
25-10-2024,NEW CT,7.46,40,0,0.9,1862,1248,582,220,362,182,4.3,0,0,0.5,0,0,86
25-10-2024,OLD CT,6.96,21,0,0.4,2865,1920,768,366,402,364,3.5,0,0,0.5,0,0,86
26-10-2024,CT 850 TPD,8.1,15,0,0,1134,760,479,224,255,160,0,0,0,0,0,0,0
26-10-2024,ECH CT,9.25,16,0,0.8,1200,804,423,274,149,159,6.4,318,9,0,0,0,0
26-10-2024,NEW CT,8.02,36,0,0,1668,1118,576,224,352,175,4.4,0,0,0.5,0,0,84
26-10-2024,OLD CT,7.39,37,0,0.8,2463,1650,764,362,402,357,3.4,0,0,0.5,0,0,80
28-10-2024,CT 850 TPD,8.07,15,0,0,1201,805,484,249,235,167,0,0,0,0,0,0,0
28-10-2024,ECH CT,9.04,17,0,0,1108,743,403,264,139,142,6,300,6,0,0,0,0
28-10-2024,NEW CT,8.32,38,0,0,1623,1088,583,228,355,182,4.4,0,0,0.5,0,0,83
28-10-2024,OLD CT,0,0,0,0,0,0,0,0,0,0,0,0,0,0,0,0,0
29-10-2024,CT 850 TPD,7.81,18,0,0.4,1211,812,479,240,239,160,0,0,0,0,0,0,0
29-10-2024,ECH CT,9.1,19,0,0.8,1100,737,410,264,146,148,6,307,7,0,0,0,0
29-10-2024,NEW CT,8.36,40,0,0,1431,959,605,224,381,175,4.3,0,0,0.5,0,0,85
29-10-2024,OLD CT,0,0,0,0,0,0,0,0,0,0,0,0,0,0,0,0,0
30-10-2024,CT 850 TPD,8,18,0,0.5,1299,870,461,231,230,153,0,0,0,0,0,0,0
30-10-2024,ECH CT,9.1,16,0,0.2,1119,750,395,254,141,140,6.8,298,6,0,0,0,0
30-10-2024,NEW CT,7.51,32,0,0,1455,975,591,220,371,153,4.2,0,0,0.5,0,0,81
30-10-2024,OLD CT,8.32,69,0,0,1597,1070,678,325,353,306,3.3,0,0,0.5,0,0,86
31-10-2024,CT 850 TPD,7.85,16,0,0.1,1319,884,441,229,212,167,0,0,0,0,0,0,0
31-10-2024,ECH CT,9.1,15,0,0.5,1030,690,410,269,141,140,6.8,304,8,0,0,0,0
31-10-2024,NEW CT,7.99,34,0,0,1429,958,568,220,348,167,4.4,0,0,0.5,0,0,83
31-10-2024,OLD CT,7.01,65,0,0,1825,1223,657,318,339,335,3.3,0,0,0.5,0,0,84
04-11-2024,CT 850 TPD,7.83,17,0,0.4,1331,892,445,225,220,153,0,0,0,0,0,0,0
04-11-2024,ECH CT,9,15,0,0.2,960,643,415,273,142,144,6,318,7,0,0,0,0
04-11-2024,NEW CT,8.02,30,0,0,1464,981,564,314,250,160,4.4,0,0,0.5,0,0,87
04-11-2024,OLD CT,7.42,60,0,1,2328,1560,691,390,301,387,3.2,0,0,0.5,0,0,83
05-11-2024,CT 850 TPD,7.81,17,0,0.2,1289,864,453,222,231,167,0,0,0,0,0,0,0
05-11-2024,ECH CT,9.1,14,0,0,925,620,422,280,142,140,6.3,321,9,0,0,0,0
05-11-2024,NEW CT,6.97,21,0,0.8,1597,1070,584,314,270,153,4.2,0,0,0.5,0,0,85
05-11-2024,OLD CT,7.86,62,0,0,2422,1623,702,405,297,320,3.1,0,0,0.5,0,0,81
06-11-2024,CT 850 TPD,7.52,16,0,0.6,1311,879,445,218,227,160,0,0,0,0,0,0,0
06-11-2024,ECH CT,9.1,14,0,0,935,627,433,282,151,152,6.5,314,8,0,0,0,0
06-11-2024,NEW CT,8.07,19,0,0.2,1585,1062,580,310,270,160,4.3,0,0,0.5,0,0,82
06-11-2024,OLD CT,7.65,35,0,0,2455,1645,706,401,305,306,3.2,0,0,0.5,0,0,85
07-11-2024,CT 850 TPD,7.69,19,0,0,1316,882,453,221,232,167,0,0,0,0,0,0,0
07-11-2024,ECH CT,9.08,11,0,0,955,640,440,284,156,160,6.5,320,9,0,0,0,0
07-11-2024,NEW CT,8.03,30,0,0.6,1679,1125,590,310,280,153,4.2,0,0,0.5,0,0,85
07-11-2024,OLD CT,7.68,36,0,0,2813,1885,708,396,312,313,3.3,0,0,0.5,0,0,84
08-11-2024,CT 850 TPD,7.83,19,0,0,1210,811,449,233,216,160,0,0,0,0,0,0,0
08-11-2024,ECH CT,9.1,10,0,0.2,925,620,398,246,152,130,6.7,340,10,0,0,0,0
08-11-2024,NEW CT,8.11,39,0,0.2,1558,1044,581,326,255,160,4.2,0,0,0.5,0,0,84
08-11-2024,OLD CT,7.82,55,0,0.9,2913,1952,726,409,317,306,3.2,0,0,0.5,0,0,86
09-11-2024,CT 850 TPD,7.64,12,0,0.6,1244,834,453,229,224,153,0,0,0,0,0,0,0
09-11-2024,ECH CT,9.02,11,0,0.3,886,594,350,233,117,120,6.9,310,8,0,0,0,0
09-11-2024,NEW CT,7.39,29,0,0.5,1453,974,590,317,273,153,4.1,0,0,0.5,0,0,86
09-11-2024,OLD CT,8.51,53,0,0.9,3268,2190,968,594,374,313,3.3,0,0,0.5,0,0,85
11-11-2024,CT 850 TPD,7.57,15,0,0.4,1177,789,462,220,242,167,0,0,0,0,0,0,0
11-11-2024,ECH CT,9.02,12,0,0.9,873,580,343,224,119,129,7.2,300,7,0,0,0,0
11-11-2024,NEW CT,8.07,28,0,0.4,1522,1020,572,295,277,153,3.8,0,0,0.5,0,0,80
11-11-2024,OLD CT,7.49,43,0,0,3283,2200,906,573,333,306,3.1,0,0,0.5,0,0,83
12-11-2024,CT 850 TPD,8.07,15,0,0,1225,821,458,224,234,182,0,0,0,0,0,0,0
12-11-2024,ECH CT,9.14,14,0,0.2,885,593,350,239,111,132,7.4,308,9,0,0,0,0
12-11-2024,NEW CT,7.98,25,0,0,1541,1033,538,269,269,160,3.6,0,0,0.5,0,0,83
12-11-2024,OLD CT,7.1,30,0,0,3402,2280,911,581,330,298,3.2,0,0,0.5,0,0,36
13-11-2024,CT 850 TPD,7.84,20,0,0.2,1310,878,441,216,225,175,0,0,0,0,0,0,0
13-11-2024,ECH CT,9.1,12,0,0.2,910,610,357,221,136,137,7.4,316,9,0,0,0,0
13-11-2024,NEW CT,8.41,31,0,1,1644,1102,541,270,271,153,3.8,0,0,0.5,0,0,81
13-11-2024,OLD CT,6.93,38,0,0.4,3671,2460,895,562,333,334,3.1,0,0,0.5,0,0,83
14-11-2024,CT 850 TPD,8.17,19,0,0.2,1311,879,453,208,245,166,0,0,0,0,0,0,0
14-11-2024,ECH CT,9.28,13,0,0.4,943,632,330,214,116,133,6.9,310,8,0,0,0,0
14-11-2024,NEW CT,8.06,25,0,0.7,1502,1007,782,262,520,166,3.5,0,0,0.5,0,0,80
14-11-2024,OLD CT,7.83,37,0,0.1,3179,2130,853,541,312,306,3.2,0,0,0.5,0,0,80
15-11-2024,CT 850 TPD,8.52,17,0,0.1,1234,827,441,220,221,146,0,0,0,0,0,0,0
15-11-2024,ECH CT,9.3,13,0,0.3,958,642,337,208,129,137,6.9,317,9,0,0,0,0
15-11-2024,NEW CT,8.34,27,0,0.4,1707,1144,574,254,320,153,3.4,0,0,0.5,0,0,83
15-11-2024,OLD CT,7.56,37,0,0,2850,1910,844,499,345,291,3.1,0,0,0.5,0,0,82
16-11-2024,CT 850 TPD,7.65,17,0,0.1,1249,837,433,208,225,153,0,0,0,0,0,0,0
16-11-2024,ECH CT,9.26,15,0,0,973,652,345,213,132,142,7,324,9,0,0,0,0
16-11-2024,NEW CT,7.86,27,0,0,1629,1092,582,254,328,160,3.2,0,0,0.5,0,0,81
16-11-2024,OLD CT,7.8,37,0,0,2965,1987,832,508,324,291,3.1,0,0,0.5,0,0,81
18-11-2024,CT 850 TPD,7.87,18,0,0.2,1271,852,437,216,221,153,0,0,0,0,0,0,0
18-11-2024,ECH CT,8.01,15,0,0.3,1014,680,357,221,136,155,6,130,0,0,0,0,0
18-11-2024,NEW CT,8.49,27,0,0,1662,1114,582,258,324,160,3.3,0,0,0.5,0,0,83
18-11-2024,OLD CT,7.8,26,0,0,3104,2080,853,499,354,298,3.2,0,0,0.5,0,0,83
19-11-2024,CT 850 TPD,7.56,16,0,0,1243,833,441,220,221,160,0,0,0,0,0,0,0
19-11-2024,ECH CT,6.5,15,0,0,885,593,240,148,92,142,6.5,100,0,0,0,0,0
19-11-2024,NEW CT,8.39,27,0,0,1671,1120,591,170,421,167,3.4,0,0,0.5,0,0,83
19-11-2024,OLD CT,8.16,30,0,0,3000,2010,911,503,408,306,3.3,0,0,0.5,0,0,82
20-11-2024,CT 850 TPD,7.75,14,0,0.5,1188,796,437,225,212,153,0,0,0,0,0,0,0
20-11-2024,ECH CT,7,0,0,0.5,939,629,250,155,95,139,7,92,0,0,0,0,0
20-11-2024,NEW CT,8.25,27,0,0.2,1611,1080,595,262,333,160,3.2,0,0,0.5,0,0,83
20-11-2024,OLD CT,7.01,29,0,0.9,3268,2190,903,516,387,327,3.4,0,0,0.5,0,0,83
21-11-2024,CT 850 TPD,7.24,16,0,0,1232,826,433,216,217,160,0,0,0,0,0,0,0
21-11-2024,ECH CT,7.5,0,0,0,804,539,210,130,80,106,6.8,83,0,0,0,0,0
21-11-2024,NEW CT,8.24,20,0,0.8,1674,1122,587,250,337,153,3.5,0,0,0.5,0,0,85
21-11-2024,OLD CT,7.22,30,0,0,2870,1923,915,500,415,306,3.5,0,0,0.5,0,0,86
22-11-2024,CT 850 TPD,6.92,18,0,0.6,1207,809,424,220,204,153,0,0,0,0,0,0,0
22-11-2024,ECH CT,7.6,0,0,0.2,776,520,200,124,76,94,7,74,0,0,0,0,0
22-11-2024,NEW CT,8.24,21,0,0.6,1519,1018,595,258,337,146,3.3,0,0,0.5,0,0,89
22-11-2024,OLD CT,6.36,28,0,0.9,3164,2120,907,512,395,320,3.2,0,0,0.5,0,0,80
23-11-2024,CT 850 TPD,7.63,18,0,0.4,0,853,441,223,218,160,0,0,0,0,0,0,0
23-11-2024,ECH CT,7.5,0,0,0.2,801,537,220,136,84,115,7.2,80,0,0,0,0,0
23-11-2024,NEW CT,8.5,22,0,1,1579,1058,596,256,340,167,3.4,0,0,0.5,0,0,82
23-11-2024,OLD CT,7.7,37,0,0.3,3104,2080,920,512,408,313,3.5,0,0,0.5,0,0,84
25-11-2024,CT 850 TPD,8.84,15,0,0,1214,814,441,223,218,160,0,0,0,0,0,0,0
25-11-2024,ECH CT,8.1,0,0,0,887,594,240,150,90,118,6.9,86,0,0,0,0,0
25-11-2024,NEW CT,8.48,21,0,0,1437,963,596,260,336,160,3.2,0,0,0.5,0,0,82
25-11-2024,OLD CT,7.84,30,0,0,2885,1993,920,512,408,313,3.4,0,0,0.5,0,0,80
26-11-2024,CT 850 TPD,7.53,18,0,0.8,1215,814,445,227,218,160,0,0,0,0,0,0,0
26-11-2024,ECH CT,8.15,0,0,0.3,955,640,248,159,89,122,6.5,88,0,0,0,0,0
26-11-2024,NEW CT,7.53,17,0,0.9,1496,1002,601,252,349,167,3.3,0,0,0.5,0,0,80
26-11-2024,OLD CT,7.01,25,0,0.9,2985,2000,924,517,407,320,3.5,0,0,0.5,0,0,82
27-11-2024,CT 850 TPD,7.08,16,0,0.7,1225,821,454,235,219,167,0,0,0,0,0,0,0
27-11-2024,ECH CT,7.65,0,0,0.3,925,620,200,126,74,95,6.5,100,0,0,0,0,0
27-11-2024,NEW CT,7.81,15,0,0.5,1473,987,588,244,344,160,3.5,0,0,0.5,0,0,86
27-11-2024,OLD CT,8.15,25,0,0.1,2764,1852,903,504,399,306,3.4,0,0,0.5,0,0,82
28-11-2024,CT 850 TPD,7.7,15,0,0,1305,875,462,244,218,175,0,0,0,0,0,0,0
28-11-2024,ECH CT,8.1,0,0,0.3,858,575,215,133,82,90,6.5,110,0,0,0,0,0
28-11-2024,NEW CT,8.31,19,0,0.4,1482,993,584,235,349,153,3.4,0,0,0.5,0,0,84
28-11-2024,OLD CT,8.19,25,0,0.5,3014,2020,932,525,407,327,3.5,0,0,0.5,0,0,86
29-11-2024,CT 850 TPD,8.41,18,0,0.2,1290,864,454,239,215,175,0,0,0,0,0,0,0
29-11-2024,ECH CT,8,0,0,0.2,880,590,212,131,81,124,6.3,100,0,0,0,0,0
29-11-2024,NEW CT,7.65,15,0,0,1428,957,575,239,336,160,3.3,0,0,0.5,0,0,83
29-11-2024,OLD CT,7.76,28,0,0,2758,1848,907,504,403,335,3.4,0,0,0.5,0,0,83
30-11-2024,CT 850 TPD,7.11,15,0,0,1298,870,458,248,210,160,0,0,0,0,0,0,0
30-11-2024,ECH CT,8,0,0,0.2,850,570,200,124,76,118,6.5,115,0,0,0,0,0
30-11-2024,NEW CT,7.17,16,0,0,1489,998,580,248,332,153,3.5,0,0,0.5,0,0,79
30-11-2024,OLD CT,7.71,25,0,0,2565,1719,916,517,399,313,3.5,0,0,0.5,0,0,80
02-12-2024,CT 850 TPD,7.79,25,0,1,1400,938,471,237,234,167,0,0,0,0,0,0,0
02-12-2024,ECH CT,8,0,0,0.2,805,540,192,119,73,107,6.7,150,0,0,0,0,0
02-12-2024,NEW CT,7.95,16,0,0,1474,988,601,260,341,160,3.2,0,0,0.5,0,0,82
02-12-2024,OLD CT,7.76,28,0,0,2513,1684,916,517,399,313,3.2,0,0,0.5,0,0,82
03-12-2024,CT 850 TPD,8.04,15,0,0.5,1348,903,466,220,246,153,0,0,0,0,0,0,0
03-12-2024,ECH CT,7.8,0,0,0.1,641,430,160,99,61,94,6.8,100,0,0,0,0,0
03-12-2024,NEW CT,7.82,16,0,0.6,1453,974,594,259,335,153,3.5,0,0,0.5,0,0,85
03-12-2024,OLD CT,7.21,20,0,0.7,2441,1636,912,509,403,306,3.4,0,0,0.5,0,0,80
04-12-2024,CT 850 TPD,7.83,26,0,0,1405,942,471,229,242,160,0,0,0,0,0,0,0
04-12-2024,ECH CT,8.4,0,0,0.2,613,411,200,125,75,96,7,100,2,0,0,0,0
04-12-2024,NEW CT,7.82,16,0,0,1414,948,606,263,343,160,3.2,0,0,0.5,0,0,83
04-12-2024,OLD CT,7.6,20,0,0,2628,1761,920,517,403,306,3.3,0,0,0.5,0,0,85
05-12-2024,CT 850 TPD,7.8,21,0,0.4,0,1007,483,237,246,146,0,0,0,0,0,0,0
05-12-2024,ECH CT,7.6,0,0,0.2,589,395,196,121,75,94,6.9,90,0,0,0,0,0
05-12-2024,NEW CT,7.78,15,0,0.1,1465,982,530,263,267,153,3.4,0,0,0.5,0,0,86
05-12-2024,OLD CT,7.78,24,0,0,2513,1684,929,530,399,305,3.5,0,0,0.5,0,0,80
06-12-2024,CT 850 TPD,8.02,21,0,0,1503,1007,483,237,246,167,0,0,0,0,0,0,0
06-12-2024,ECH CT,6.5,0,0,0,650,436,210,130,80,100,7,98,0,0,0,0,0
06-12-2024,NEW CT,8.15,17,0,0.5,1588,1064,628,267,361,160,3.4,0,0,0.5,0,0,83
06-12-2024,OLD CT,7.31,35,0,0,2634,1765,924,522,402,306,3.3,0,0,0.5,0,0,85
07-12-2024,CT 850 TPD,8.59,5,0,0,1400,938,601,315,286,160,0,0,0,0,0,0,0
07-12-2024,ECH CT,6.5,0,0,0,687,460,220,136,84,93,7.3,59,0,0,0,0,0
07-12-2024,NEW CT,8.1,20,0,0.5,1448,970,668,349,319,138,3.5,0,0,0.5,0,0,90
07-12-2024,OLD CT,7.1,32,0,0,2464,1651,874,475,399,291,3.5,0,0,0.4,0,0,92
08-12-2024,CT 850 TPD,7.31,20,0,0,1341,899,461,212,249,170,0,0,0,0,0,0,0
08-12-2024,NEW CT,8.4,50,0,0.2,1341,899,502,235,267,273,4.3,0,0,0.6,0,0,79
08-12-2024,OLD CT,7.85,25,0,0,3298,2210,1202,588,614,267,2.5,0,0,0.6,0,0,79
09-12-2024,CT 850 TPD,7.99,30,0,0,1300,871,466,298,168,160,0,0,0,0,0,0,0
09-12-2024,ECH CT,6,0,0,0.2,634,425,200,124,76,106,7,50,0,0,0,0,0
09-12-2024,ECH CT,8.96,21,0,0,970,650,356,224,132,134,6,300,9,0,0,0,0
09-12-2024,NEW CT,8.15,15,0,0.2,1420,952,613,353,260,153,3.5,0,0,0.5,0,0,85
09-12-2024,OLD CT,7.06,21,0,1,2776,1860,869,462,407,291,3.1,0,0,0.5,0,0,89
10-12-2024,CT 850 TPD,7.77,32,0,0.6,1333,893,454,294,160,153,0,0,0,0,0,0,0
10-12-2024,ECH CT,9.15,19,0,0,1219,817,507,314,193,130,6.7,390,7,0,0,0,0
10-12-2024,ECH CT,6.7,0,0,0.2,653,438,218,135,83,110,7.5,62,0,0,0,0,0
10-12-2024,NEW CT,7.84,16,0,0.2,1525,1022,617,361,256,160,3.6,0,0,0.5,0,0,83
10-12-2024,OLD CT,7.2,25,0,0,2391,1602,874,470,404,306,3.2,0,0,0.5,0,0,83
11-12-2024,CT 850 TPD,7.85,34,0,0.5,1247,836,458,302,156,160,0,0,0,0,0,0,0
11-12-2024,ECH CT,7,32,0,0.2,650,436,226,140,86,117,7.3,69,0,0,0,0,0
11-12-2024,NEW CT,7.58,17,0,0.4,1478,990,613,357,256,160,3.4,0,0,0.5,0,0,86
11-12-2024,OLD CT,6.95,28,0,0,2752,1844,890,475,415,313,3.1,0,0,0.5,0,0,82
12-12-2024,CT 850 TPD,7.74,28,0,0.7,1190,797,454,298,156,153,0,0,0,0,0,0,0
12-12-2024,ECH CT,7.5,0,0,0.4,630,422,180,112,68,94,5.9,94,0,0,0,0,0
12-12-2024,NEW CT,7.09,18,0,0.2,1442,966,617,357,260,153,3.5,0,0,0.5,0,0,85
12-12-2024,OLD CT,7.66,28,0,0,2448,1640,886,466,420,306,3.2,0,0,0.5,0,0,81
13-12-2024,CT 850 TPD,8.08,27,0,0,1262,846,462,356,106,153,0,0,0,0,0,0,0
13-12-2024,ECH CT,7.9,0,0,0.2,671,450,192,119,73,99,6.2,93,0,0,0,0,0
13-12-2024,NEW CT,8.06,17,0,0.5,1479,991,622,357,265,160,3.6,0,0,0.5,0,0,81
13-12-2024,OLD CT,7.36,36,0,0.6,2447,1640,895,470,425,313,3.1,0,0,0.5,0,0,84
14-12-2024,CT 850 TPD,7.65,39,0,0,1268,850,449,293,156,160,0,0,0,0,0,0,0
14-12-2024,ECH CT,8.1,0,0,0,776,520,230,142,88,118,6.2,100,0,0,0,0,0
14-12-2024,NEW CT,7.56,20,0,0.4,1497,1003,607,349,258,153,3.2,0,0,0.5,0,0,85
14-12-2024,OLD CT,7.05,41,0,0.5,2734,1832,873,466,407,306,3.3,0,0,0.5,0,0,81
16-12-2024,CT 850 TPD,8.14,27,0,0,1167,782,424,288,136,156,0,0,0,0,0,0,0
16-12-2024,ECH CT,8.2,0,0,0,850,570,215,133,82,112,6.5,110,0,0,0,0,0
16-12-2024,NEW CT,7.46,19,0,0.6,1507,1010,581,336,245,156,3.1,0,0,0.5,0,0,84
16-12-2024,OLD CT,6.87,25,0,0,2782,1864,911,482,429,313,3.2,0,0,0.5,0,0,89
17-12-2024,CT 850 TPD,8.4,30,0,0,1261,845,420,297,123,146,0,0,0,0,0,0,0
17-12-2024,ECH CT,8,0,0,0,731,490,180,111,69,95,6.8,92,0,0,0,0,0
17-12-2024,NEW CT,7.85,19,0,0.5,1582,1060,593,342,251,160,3.1,0,0,0.5,0,0,84
17-12-2024,OLD CT,7.46,29,0,0,3223,2160,906,475,431,306,3.5,0,0,0.5,0,0,87
18-12-2024,CT 850 TPD,8.03,19,0,0.6,1191,798,412,247,165,138,0,0,0,0,0,0,0
18-12-2024,ECH CT,8.1,0,0,0,643,431,195,120,75,107,6.6,100,0,0,0,0,0
18-12-2024,NEW CT,8.03,23,0,0.6,1191,798,602,340,262,156,3.2,0,0,0.5,0,0,86
18-12-2024,OLD CT,7.1,35,0,0.4,3208,2150,915,480,435,307,3.4,0,0,0.5,0,0,88
19-12-2024,CT 850 TPD,8.43,23,0,0,1217,816,420,298,122,131,0,0,0,0,0,0,0
19-12-2024,ECH CT,8.3,0,0,0,653,438,210,130,80,95,6.8,110,0,0,0,0,0
19-12-2024,NEW CT,8.12,31,0,0.1,1595,1069,612,337,275,146,3.5,0,0,0.5,0,0,84
19-12-2024,OLD CT,7.15,36,0,0.7,3089,2070,907,478,429,291,3.7,0,0,0.5,0,0,80
20-12-2024,CT 850 TPD,7.96,18,0,0.2,1267,849,416,283,133,146,0,0,0,0,0,0,0
20-12-2024,ECH CT,8.45,0,0,0,668,448,200,122,78,110,6.4,142,0,0,0,0,0
20-12-2024,NEW CT,8.15,29,0,0,1685,1129,603,555,48,160,3.3,0,0,0.5,0,0,81
20-12-2024,OLD CT,7.89,28,0,0,3179,2130,919,483,436,313,3.4,0,0,0.5,0,0,85
21-12-2024,CT 850 TPD,7.25,22,0,0.5,0,821,412,270,142,160,0,0,0,0,0,0,0
21-12-2024,ECH CT,8.4,0,0,0,692,464,215,133,82,117,6.6,166,2,0,0,0,0
21-12-2024,NEW CT,7.56,20,0,0,1646,1103,582,341,241,146,3.1,0,0,0.5,0,0,86
21-12-2024,OLD CT,6.76,30,0,0,2953,1979,899,478,421,291,3.4,0,0,0.5,0,0,80
23-12-2024,CT 850 TPD,8.68,27,0,0,1326,889,432,261,171,153,0,0,0,0,0,0,0
23-12-2024,ECH CT,8.5,0,0,0.1,731,490,240,148,92,142,6.8,183,5,0,0,0,0
23-12-2024,NEW CT,8.63,22,0,0.1,1579,1058,588,339,249,153,3.4,0,0,0.5,0,0,87
23-12-2024,OLD CT,6.95,30,0,0,3716,2490,906,461,445,320,3.5,0,0,0.5,0,0,85
24-12-2024,CT 850 TPD,7.98,22,0,0.8,1300,871,424,253,171,146,0,0,0,0,0,0,0
24-12-2024,ECH CT,8.65,0,0,0,749,502,248,153,95,146,6.5,200,6,0,0,0,0
24-12-2024,NEW CT,7.36,15,0,0,1471,986,596,343,253,168,3.3,0,0,0.5,0,0,82
24-12-2024,OLD CT,7.43,25,0,0,2443,1637,877,457,420,327,3.4,0,0,0.5,0,0,80
25-12-2024,CT 850 TPD,7.83,24,0,0.1,1359,911,428,265,163,160,0,0,0,0,0,0,0
25-12-2024,ECH CT,8.6,0,0,0.2,768,515,240,148,92,150,6.4,210,5,0,0,0,0
25-12-2024,NEW CT,8.01,21,0,0,1441,966,604,347,257,160,3.2,0,0,0.5,0,0,86
25-12-2024,OLD CT,7.14,24,0,0.7,2864,1919,902,465,437,320,3.3,0,0,0.5,0,0,82
26-12-2024,CT 850 TPD,7.72,24,0,0.6,1404,941,432,257,175,153,0,0,0,0,0,0,0
26-12-2024,ECH CT,8.55,0,0,0.2,749,502,250,161,89,140,6.7,200,4,0,0,0,0
26-12-2024,NEW CT,7.41,26,0,0,1538,1031,596,351,245,167,3.3,0,0,0.5,0,0,82
26-12-2024,OLD CT,7.42,28,0,0,2647,1774,910,457,453,327,3.5,0,0,0.5,0,0,82
27-12-2024,CT 850 TPD,7.31,38,0,1,1471,986,445,273,172,167,0,0,0,0,0,0,0
27-12-2024,ECH CT,8.5,0,0,0.3,764,512,254,160,94,142,6.2,204,4,0,0,0,0
27-12-2024,NEW CT,6.87,32,0,1,1726,1157,608,359,249,160,3.5,0,0,0.5,0,0,88
27-12-2024,OLD CT,7.34,32,0,0,2861,1917,918,465,453,320,3.2,0,0,0.5,0,0,85
28-12-2024,CT 850 TPD,7.98,35,0,0,1297,869,416,253,163,153,0,0,0,0,0,0,0
28-12-2024,ECH CT,8.6,0,0,0.2,776,520,260,161,99,118,6.7,210,3,0,0,0,0
28-12-2024,NEW CT,7.21,28,0,0.9,1649,1105,633,261,372,153,3.4,0,0,0.5,0,0,85
28-12-2024,OLD CT,7.61,18,0,0,2520,1689,869,479,390,313,3.4,0,0,0.5,0,0,82
30-12-2024,CT 850 TPD,7.48,26,0,0,1452,973,469,287,182,146,0,0,0,0,0,0,0
30-12-2024,ECH CT,8.5,0,0,0.1,813,545,245,151,94,125,6.9,230,4,0,0,0,0
30-12-2024,NEW CT,8.08,23,0,0.4,1785,1196,668,351,317,160,3.2,0,0,0.5,0,0,86
30-12-2024,OLD CT,6.69,22,0,0,2628,1761,901,505,396,313,3.5,0,0,0.5,0,0,89
31-12-2024,CT 850 TPD,7.31,16,0,0,1429,958,445,278,167,153,0,0,0,0,0,0,0
31-12-2024,ECH CT,8.68,0,0,0.2,682,457,210,130,80,127,67,245,3,0,0,0,0
31-12-2024,NEW CT,8.1,25,0,0.3,1758,1178,608,347,261,146,3.5,0,0,0.5,0,0,88
31-12-2024,OLD CT,7.46,22,0,0,2928,1962,933,488,445,335,3.8,0,0,0.5,0,0,84
01-01-2025,CT 850 TPD,8.1,18,0,0,1411,946,488,298,190,155,0,0,0,0,0,0,0
01-01-2025,ECH CT,8.8,0,0,0.2,701,470,217,137,80,136,6.9,260,0,0,0,0,0
01-01-2025,NEW CT,8.11,24,0,0,1597,1070,664,377,287,160,3.6,0,0,0.4,0,0,85
01-01-2025,OLD CT,6.89,25,0,0,2595,1739,1003,533,470,364,4.2,0,0,0.4,0,0,89
02-01-2025,CT 850 TPD,7.9,0,0,0,1425,955,493,320,173,182,0,0,0,0,0,0,0
02-01-2025,ECH CT,8.6,0,0,0.5,723,485,227,140,87,145,6.5,249,3,0,0,0,0
02-01-2025,NEW CT,7.02,25,0,0,1653,1108,675,373,302,167,3.5,0,0,0.5,0,0,81
02-01-2025,OLD CT,7.1,25,0,0.6,2764,1852,1012,537,475,371,4.3,0,0,0.5,0,0,88
03-01-2025,CT 850 TPD,7.9,28,0,0,1453,974,511,329,182,196,0,0,0,0,0,0,0
03-01-2025,ECH CT,8.65,0,0,0,701,470,236,146,90,150,6.2,240,4,0,0,0,0
03-01-2025,NEW CT,8.23,22,0,0,1670,1119,662,369,293,153,3.4,0,0,0.5,0,0,83
03-01-2025,OLD CT,7.1,25,0,0.5,2928,1962,1017,542,475,386,4.4,0,0,0.4,0,0,86
04-01-2025,CT 850 TPD,8.08,42,0,0.2,1408,944,502,302,200,187,0,0,0,0,0,0,0
04-01-2025,ECH CT,8.7,0,0,0,761,510,240,150,90,156,6.5,248,5,0,0,0,0
04-01-2025,NEW CT,7.78,26,0,0,1652,1107,670,360,310,144,3.3,0,0,0.5,0,0,81
04-01-2025,OLD CT,7.02,22,0,0,3238,2170,1012,533,479,366,4.3,0,0,0.5,0,0,84
06-01-2025,CT 850 TPD,7.88,27,0,0,0,900,506,324,182,179,0,0,0,0,0,0,0
06-01-2025,NEW CT,8.04,22,0,0,1701,1140,684,364,320,158,3.3,0,0,0.5,0,0,84
06-01-2025,OLD CT,6.86,24,0,0,3164,2120,1052,533,519,373,4.3,0,0,0.4,0,0,88
07-01-2025,CT 850 TPD,7.97,29,0,0,1349,904,497,311,186,158,0,0,0,0,0,0,0
07-01-2025,NEW CT,7.62,18,0,0,1671,1120,675,355,320,144,3.5,0,0,0.5,0,0,92
07-01-2025,OLD CT,6.85,20,0,0.8,3060,2050,1021,537,484,359,4.5,0,0,0.5,0,0,81
08-01-2025,CT 850 TPD,7.96,17,0,0,1353,907,511,320,191,144,0,0,0,0,0,0,0
08-01-2025,ECH CT,8.6,0,0,0,850,470,250,155,95,110,5.5,200,3,0,0,0,0
08-01-2025,NEW CT,7.06,18,0,0,1640,1099,666,346,320,158,3.6,0,0,0.5,0,0,85
08-01-2025,OLD CT,6.15,29,0,1,3044,2040,1030,533,497,366,4.2,0,0,0.4,0,0,90
09-01-2025,CT 850 TPD,7.98,23,0,0,1455,975,515,315,200,165,0,0,0,0,0,0,0
09-01-2025,ECH CT,8.68,0,0,0,720,483,258,163,95,118,5,210,2,0,0,0,0
09-01-2025,NEW CT,7.66,20,0,0,1568,1051,688,360,328,165,3.4,0,0,0.6,0,0,88
09-01-2025,OLD CT,7.39,21,0,0.4,3104,2080,1021,542,479,380,4.4,0,0,0.5,0,0,86
10-01-2025,CT 850 TPD,7.87,21,0,0.8,1501,1006,506,324,182,151,0,0,0,0,0,0,0
10-01-2025,ECH CT,8.8,0,0,0,731,490,264,170,94,120,4.5,208,6,0,0,0,0
10-01-2025,NEW CT,8.41,18,0,0,1600,1072,679,364,315,151,3.3,0,0,0.6,0,0,85
10-01-2025,OLD CT,6.98,23,0,0,3029,2030,1026,506,520,366,4.3,0,0,0.5,0,0,83
11-01-2025,CT 850 TPD,8.17,29,0,0,1539,1031,511,320,191,144,0,0,0,0,0,0,0
11-01-2025,ECH CT,8.76,0,0,0,677,454,240,140,100,109,4,195,2,0,0,0,0
11-01-2025,NEW CT,8.45,19,0,0,1600,1072,679,360,319,158,3.4,0,0,0.6,0,0,88
11-01-2025,OLD CT,7.6,21,0,0,3223,2160,1035,543,492,359,4.3,0,0,0.5,0,0,81
13-01-2025,CT 850 TPD,8.03,24,0,0.2,1495,1002,502,315,187,158,0,0,0,0,0,0,0
13-01-2025,ECH CT,8.56,0,0,0,776,520,310,190,120,140,3.5,175,2,0,0,0,0
13-01-2025,NEW CT,8.04,18,0,0,1544,1035,670,360,310,158,3.1,0,0,0.6,0,0,82
13-01-2025,OLD CT,7.85,18,0,0,2910,1950,1248,568,680,366,4.2,0,0,0.4,0,0,83
15-01-2025,CT 850 TPD,8.05,22,0,0.5,1501,1006,502,315,187,158,0,0,0,0,0,0,0
15-01-2025,ECH CT,8.4,0,0,0.2,809,542,320,190,130,90,2.5,180,2,0,0,0,0
15-01-2025,NEW CT,8.13,18,0,0.2,1653,1108,659,376,283,158,3.2,0,0,0.6,0,0,82
15-01-2025,OLD CT,7.11,23,0,1,2619,1755,1267,575,692,366,4.2,0,0,0.5,0,0,83
16-01-2025,CT 850 TPD,8.28,24,0,0,1440,965,534,325,209,172,0,0,0,0,0,0,0
16-01-2025,ECH CT,8.55,0,0,0,826,554,327,202,125,98,2.5,195,5,0,0,0,0
16-01-2025,NEW CT,7.96,15,0,0,1634,1095,696,385,311,172,3.5,0,0,0.6,0,0,80
16-01-2025,OLD CT,7.13,35,0,1,2795,1873,1253,557,696,359,4.3,0,0,0.5,0,0,78
17-01-2025,CT 850 TPD,7.94,14,0,0.6,1404,941,524,278,246,165,0,0,0,0,0,0,0
17-01-2025,ECH CT,8.4,0,0,0.1,846,567,320,190,130,107,2.3,200,3,0,0,0,0
17-01-2025,NEW CT,8.54,18,0,0,1523,1021,664,380,284,158,3.3,0,0,0.5,0,0,84
17-01-2025,OLD CT,7.73,28,0,0,2741,1837,1244,561,683,359,4.1,0,0,0.5,0,0,85
18-01-2025,CT 850 TPD,8.35,16,0,0,1445,968,538,278,260,158,0,0,0,0,0,0,0
18-01-2025,ECH CT,8.4,0,0,0,865,580,300,186,114,90,2,170,3,0,0,0,0
18-01-2025,NEW CT,8.48,19,0,0,1604,1104,673,376,297,165,3.2,0,0,0.5,0,0,80
18-01-2025,OLD CT,7.12,38,0,0,2607,1747,1216,557,659,366,4.2,0,0,0.5,0,0,83
20-01-2025,CT 850 TPD,8.23,20,0,1,1528,1024,534,283,251,158,0,0,0,0,0,0,0
20-01-2025,ECH CT,8.5,0,0,0,955,640,317,196,121,97,2,185,4,0,0,0,0
20-01-2025,NEW CT,8.28,18,0,0,1592,1067,682,380,302,158,3.2,0,0,0.5,0,0,80
20-01-2025,OLD CT,6.68,33,0,0.6,3029,2030,1230,561,669,359,4,0,0,0.5,0,0,83
21-01-2025,CT 850 TPD,7.85,20,0,0,1532,1027,538,302,236,165,0,0,0,0,0,0,0
21-01-2025,ECH CT,8.65,0,0,0,886,593,320,198,122,107,1.6,190,0,0,0,0,0
21-01-2025,NEW CT,7.92,23,0,0,1610,1079,696,390,306,165,3.5,0,0,0.6,0,0,83
21-01-2025,OLD CT,7.61,32,0,0,2500,1675,1253,571,682,380,4.3,0,0,0.6,0,0,85
22-01-2025,CT 850 TPD,7.88,25,0,0.8,1516,1016,548,288,260,187,0,0,0,0,0,0,0
22-01-2025,ECH CT,8.1,0,0,0,910,610,329,203,126,115,1.6,170,3,0,0,0,0
22-01-2025,NEW CT,8.82,17,0,0,1628,1091,705,399,306,158,3.6,0,0,0.5,0,0,82
22-01-2025,OLD CT,7.78,30,0,0,2753,1845,1262,566,696,387,4.1,0,0,0.5,0,0,82
23-01-2025,CT 850 TPD,7.95,23,0,0.5,1529,1025,552,278,274,172,0,0,0,0,0,0,0
23-01-2025,ECH CT,8.25,0,0,0,935,627,341,211,130,110,1.3,155,3,0,0,0,0
23-01-2025,NEW CT,7.84,15,0,0,1631,1093,710,380,330,151,3.8,0,0,0.5,0,0,85
23-01-2025,OLD CT,7.08,25,0,0,3044,2040,1308,580,728,395,4.3,0,0,0.6,0,0,92
24-01-2025,CT 850 TPD,8.2,29,0,0,1435,962,543,292,251,172,0,0,0,0,0,0,0
24-01-2025,ECH CT,8.3,0,0,0,947,635,330,202,128,109,1,163,2,0,0,0,0
24-01-2025,NEW CT,7.94,25,0,1,1547,1037,705,385,320,165,3.6,0,0,0.5,0,0,82
24-01-2025,OLD CT,7.46,30,0,1,3029,2030,1313,571,742,380,4.2,0,0,0.5,0,0,86
25-01-2025,CT 850 TPD,8.14,31,0,0,1467,983,571,298,273,187,0,0,0,0,0,0,0
25-01-2025,ECH CT,8,0,0,0.2,916,614,290,166,124,95,1,134,0,0,0,0,0
25-01-2025,NEW CT,7.54,27,0,0,1658,1111,739,394,345,151,3.6,0,0,0.6,0,0,85
25-01-2025,OLD CT,7.45,31,0,0,2871,1924,1349,581,768,373,4.1,0,0,0.6,0,0,87
27-01-2025,CT 850 TPD,7.86,17,0,0,1494,1001,552,300,252,165,0,0,0,0,0,0,0
27-01-2025,ECH CT,8.15,0,0,0,866,580,315,195,120,106,1,110,0,0,0,0,0
27-01-2025,NEW CT,8.43,28,0,0,1550,1039,725,394,331,158,3.6,0,0,0.5,0,0,86
27-01-2025,OLD CT,7.49,26,0,0,2589,1735,1320,586,734,384,4.3,0,0,0.6,0,0,86
28-01-2025,CT 850 TPD,7.77,21,0,0,1553,1041,547,293,254,158,0,0,0,0,0,0,0
28-01-2025,ECH CT,8,0,0,0,883,592,329,203,126,110,1,98,0,0,0,0,0
28-01-2025,NEW CT,8.06,18,0,0,1652,1107,734,389,345,165,4.5,0,0,0.5,0,0,86
28-01-2025,OLD CT,7.44,28,0,0.5,2947,1975,1310,576,734,380,5.1,0,0,0.5,0,0,89
29-01-2025,CT 850 TPD,8.15,24,0,0.5,1626,1090,571,302,269,172,0,0,0,0,0,0,0
29-01-2025,ECH CT,8.2,0,0,0.2,917,615,342,212,130,122,1,90,1,0,0,0,0
29-01-2025,NEW CT,8.78,26,0,0,1788,1198,749,394,355,172,4.6,0,0,0.5,0,0,92
29-01-2025,OLD CT,7.12,28,0,1,2973,1991,1325,595,730,388,5.2,0,0,0.6,0,0,88
30-01-2025,CT 850 TPD,8.7,18,0,0,1702,1141,576,312,264,187,0,0,0,0,0,0,0
30-01-2025,ECH CT,8.1,0,0,0,895,600,325,201,124,110,1,78,0,0,0,0,0
30-01-2025,NEW CT,7.89,26,0,0.1,1604,1075,758,398,360,187,4.5,0,0,0.5,0,0,75
30-01-2025,OLD CT,7.82,32,0,0.7,3731,2500,1488,624,864,395,5.4,0,0,0.7,0,0,65
31-01-2025,CT 850 TPD,8.13,16,0,0,1561,1046,566,307,259,165,0,0,0,0,0,0,0
31-01-2025,ECH CT,8.25,0,0,0.2,879,589,337,208,129,99,1,72,3,0,0,0,0
31-01-2025,NEW CT,7.14,32,0,0.6,1561,1046,768,403,365,172,4.6,0,0,0.5,0,0,76
31-01-2025,OLD CT,7.45,41,0,1,3328,2230,1498,629,869,380,5.2,0,0,0.5,0,0,39
01-02-2025,CT 850 TPD,8.05,19,0,1,1594,1068,534,304,230,194,0,0,0,0,0,0,0
01-02-2025,ECH CT,8.25,0,0,0.2,902,605,350,217,133,118,1,100,3,0,0,0,0
01-02-2025,NEW CT,7.49,26,0,1,1564,1048,731,391,340,203,4.5,0,0,0.5,0,0,79
01-02-2025,OLD CT,7.16,42,0,0,3179,2130,1394,586,808,394,5.4,0,0,0.6,0,0,75
03-02-2025,CT 850 TPD,8.28,22,0,0.5,1567,1050,713,396,317,178,6.7,0,0,0,0,0,0
03-02-2025,ECH CT,8.4,0,0,3,885,593,308,200,108,112,0,110,2,0,0,0,0
03-02-2025,NEW CT,7.88,20,0,0,1535,1029,812,478,334,174,4.4,0,0,0.5,0,0,72
03-02-2025,OLD CT,7.86,30,0,0,2892,1938,1412,761,651,369,5.2,0,0,0.5,0,0,70
04-02-2025,CT 850 TPD,7.94,26,0,0.5,1600,1072,722,400,322,194,6.7,0,0,0,0,0,0
04-02-2025,ECH CT,8.35,0,0,0.4,851,570,260,152,108,100,4,116,2,0,0,0,0
04-02-2025,NEW CT,8.37,32,0,0,1538,1031,823,488,335,186,4.5,0,0,0.5,0,0,73
04-02-2025,OLD CT,7.43,32,0,0,2634,1765,1465,795,670,38,5.4,0,0,0.6,0,0,73
05-02-2025,CT 850 TPD,7.88,27,0,0.9,1593,1067,713,396,317,178,6.2,0,0,0,0,0,0
05-02-2025,ECH CT,8.42,0,0,0.3,848,568,234,140,94,119,3.9,120,4,0,0,0,0
05-02-2025,NEW CT,8.28,32,0,0,1510,1012,819,483,336,170,4.4,0,0,0.5,0,0,71
05-02-2025,OLD CT,7.35,20,0,0,2782,1864,1452,777,675,366,5.3,0,0,0.5,0,0,70
06-02-2025,CT 850 TPD,8.07,21,0,0.5,1790,1199,727,391,336,203,6,0,0,0,0,0,0
06-02-2025,ECH CT,8.2,0,0,0.3,870,583,264,153,111,102,3,100,0,0,0,0,0
06-02-2025,NEW CT,7.61,26,0,1,1522,1020,791,469,322,162,4.6,0,0,0.5,0,0,65
06-02-2025,OLD CT,7.25,25,0,0.7,2850,1910,1470,768,702,394,5.8,0,0,0.6,0,0,75
07-02-2025,CT 850 TPD,7.35,21,0,1,1737,1164,702,369,333,179,6.2,0,0,0,0,0,0
07-02-2025,ECH CT,8,0,0,0.3,882,590,273,159,114,100,2.8,94,0,0,0,0,0
07-02-2025,NEW CT,7.21,20,0,1,1573,1054,800,478,322,186,4.3,0,0,0.5,0,0,69
07-02-2025,OLD CT,7.06,37,0,0.5,2942,1971,1479,764,715,359,5.4,0,0,0.5,0,0,73
08-02-2025,CT 850 TPD,8.29,22,0,0,1685,1129,706,377,329,165,6.4,0,0,0,0,0,0
08-02-2025,ECH CT,8,0,0,0.3,896,600,293,170,123,103,2,98,0,0,0,0,0
08-02-2025,NEW CT,8.15,24,0,0.2,1652,1107,810,469,341,178,4.5,0,0,0.5,0,0,75
08-02-2025,OLD CT,0.5,28,0,0,2697,1807,1456,755,701,366,5.2,0,0,0.5,0,0,72
10-02-2025,CT 850 TPD,7.77,18,0,0,1620,1086,733,383,350,172,6.1,0,0,0,0,0,0
10-02-2025,ECH CT,8.08,0,0,0,909,609,303,178,125,100,2.1,96,0,0,0,0,0
10-02-2025,NEW CT,7.85,25,0,0.2,1635,1096,837,481,356,186,4.3,0,0,0.5,0,0,76
10-02-2025,OLD CT,7,30,0,0.2,2426,1626,1492,777,715,387,5.6,0,0,0.5,0,0,74
11-02-2025,CT 850 TPD,7.86,20,0,0.1,1711,1147,857,377,480,158,0,0,0,0,0,0,0
11-02-2025,ECH CT,8.2,0,0,0.4,910,610,280,170,110,118,1,116,0,0,0,0,0
11-02-2025,NEW CT,8.08,22,0,0.5,1564,1048,759,404,355,170,4.6,0,0,0.5,0,0,69
11-02-2025,OLD CT,7.01,22,0,0.4,2508,1681,1208,719,489,373,5.9,0,0,0.6,0,0,70
12-02-2025,CT 850 TPD,7.76,21,0,0.4,1690,1132,848,382,466,165,6.4,0,0,0,0,0,0
12-02-2025,ECH CT,8.2,0,0,0.2,880,590,295,182,113,118,1.4,110,0,0,0,0,0
12-02-2025,NEW CT,8.2,25,0,1,1603,1074,768,413,355,178,4.8,0,0,0.5,0,0,73
12-02-2025,OLD CT,7.57,23,0,0.6,2485,1665,1221,733,488,380,5.7,0,0,0.5,0,0,80
13-02-2025,CT 850 TPD,8,18,0,0.5,1840,1233,846,422,424,179,0,0,0,0,0,0,0
13-02-2025,ECH CT,8.25,0,0,0.2,917,615,315,195,120,127,1.7,125,3,0,0,0,0
13-02-2025,NEW CT,7.18,24,0,1,1764,1182,764,453,311,162,4.2,0,0,0.6,0,0,65
13-02-2025,OLD CT,7.44,18,0,0.7,2280,1528,1208,719,489,394,5.5,0,0,0.5,0,0,85
14-02-2025,CT 850 TPD,8.12,11,0,0,1648,1104,839,391,448,179,6,0,0,0,0,0,0
14-02-2025,ECH CT,8.1,0,0,0.2,790,529,300,180,120,95,1,100,0,0,0,0,0
14-02-2025,NEW CT,7.77,25,0,0.5,1614,1082,777,444,333,186,4.4,0,0,0.5,0,0,71
14-02-2025,OLD CT,7.16,34,0,0.6,2103,1409,1199,710,489,380,5.5,0,0,0.5,0,0,81
15-02-2025,CT 850 TPD,7.8,12,0,0,1695,1136,826,382,444,165,6.2,0,0,0,0,0,0
15-02-2025,ECH CT,8.2,0,0,0.3,855,573,293,173,120,92,2.3,93,0,0,0,0,0
15-02-2025,NEW CT,8.12,28,0,0.6,1882,1291,790,457,333,178,4.4,0,0,0.6,0,0,73
15-02-2025,OLD CT,7.03,39,0,0.6,2508,1547,1208,724,484,387,5.7,0,0,0.5,0,0,84
17-02-2025,CT 850 TPD,7.8,13,0,1,1755,1176,821,361,460,172,6.2,0,0,0,0,0,0
17-02-2025,ECH CT,8.15,0,0,0,874,586,280,173,107,86,2.6,100,0,0,0,0,0
17-02-2025,NEW CT,8.23,26,0,0,1840,1233,781,444,337,178,4.4,0,0,0.6,0,0,72
17-02-2025,OLD CT,7.26,36,0,0.8,2479,1661,1212,719,493,380,5,0,0,0.5,0,0,86
18-02-2025,CT 850 TPD,8.12,20,0,0.2,1780,1193,826,364,462,158,0,0,0,0,0,0,0
18-02-2025,ECH CT,8.1,0,0,0,850,570,265,164,101,80,2.8,100,0,0,0,0,0
18-02-2025,NEW CT,8.3,24,0,0.5,1792,1201,768,448,320,186,4.3,0,0,0.5,0,0,73
18-02-2025,OLD CT,6.78,48,0,0.6,2759,1849,1225,741,484,373,5.5,0,0,0.5,0,0,81
19-02-2025,CT 850 TPD,8.16,20,0,0.2,1628,1091,809,438,371,143,0,0,0,0,0,0,0
19-02-2025,ECH CT,8.2,0,0,0,879,589,250,155,95,92,2.6,110,3,0,0,0,0
19-02-2025,NEW CT,8.61,18,0,0.6,1647,1104,747,476,271,203,4.5,0,0,0.6,0,0,75
19-02-2025,OLD CT,7.55,40,0,0.5,2347,1573,1190,785,405,394,5.8,0,0,0.5,0,0,85
20-02-2025,CT 850 TPD,8.02,20,0,0,1676,1123,833,452,381,179,0,0,0,0,0,0,0
20-02-2025,ECH CT,8.15,0,0,0,850,570,269,166,103,99,2.6,117,3,0,0,0,0
20-02-2025,NEW CT,7.97,17,0,0.6,1725,1156,881,471,410,203,4.4,0,0,0.5,0,0,79
20-02-2025,OLD CT,7.41,24,0,0,2295,1538,1166,771,395,359,5.5,0,0,0.4,0,0,77
21-02-2025,CT 850 TPD,8.22,25,0,0,1653,1108,823,443,380,165,0,0,0,0,0,0,0
21-02-2025,ECH CT,8.25,0,0,1,879,589,282,174,108,106,2.9,110,3,0,0,0,0
21-02-2025,NEW CT,8.38,16,0,0.5,1556,1043,871,481,390,194,4.2,0,0,0.5,0,0,75
21-02-2025,OLD CT,7.38,28,0,0,2368,1587,1180,762,418,380,5.2,0,0,0.5,0,0,82
22-02-2025,CT 850 TPD,8.17,20,0,0.6,1556,1043,833,442,391,172,0,0,0,0,0,0,0
22-02-2025,ECH CT,8.3,0,0,0,925,620,295,182,113,110,3.2,135,3,0,0,0,0
22-02-2025,NEW CT,8.38,18,0,0,1620,1086,851,478,373,178,4.5,0,0,0.6,0,0,77
22-02-2025,OLD CT,7.26,29,0,0,2231,1495,1150,751,399,366,5.4,0,0,0.4,0,0,79
24-02-2025,CT 850 TPD,8.36,18,0,0,1568,1051,830,435,395,161,0,0,0,0,0,0,0
24-02-2025,ECH CT,8.3,0,0,0.2,970,650,315,195,120,119,3,122,3,0,0,0,0
24-02-2025,NEW CT,8.05,15,0,0,1488,997,819,460,359,158,4.3,0,0,0.6,0,0,74
24-02-2025,OLD CT,6.86,26,0,1,2167,1452,1095,727,368,359,5.3,0,0,0.4,0,0,77
25-02-2025,CT 850 TPD,8.38,20,0,0.5,1625,1089,805,451,354,194,0,0,0,0,0,0,0
25-02-2025,ECH CT,8.2,0,0,0,940,630,270,180,90,100,2.7,90,3,0,0,0,0
25-02-2025,NEW CT,8.01,21,0,0,1523,1021,805,465,340,187,4.5,0,0,0.5,0,0,70
25-02-2025,OLD CT,7.17,29,0,0.6,2171,1455,1063,690,373,388,5,0,0,0.5,0,0,70
27-02-2025,CT 850 TPD,8.46,22,0,0,1594,1068,804,454,350,151,0,0,0,0,0,0,0
27-02-2025,ECH CT,8.1,0,0,0,943,632,256,158,98,106,2.6,95,2,0,0,0,0
27-02-2025,NEW CT,7.45,18,0,0,1494,1001,769,423,346,180,4.6,0,0,0.5,0,0,65
27-02-2025,OLD CT,7.7,24,0,0.8,2114,1417,1032,652,380,345,5.5,0,0,0.4,0,0,75
28-02-2025,CT 850 TPD,8.15,17,0,0.2,1635,1096,799,445,354,158,0,0,0,0,0,0,0
28-02-2025,ECH CT,8,0,0,0,994,666,240,148,92,119,2.9,80,0,0,0,0,0
28-02-2025,NEW CT,8.3,15,0,0,1570,1052,756,428,328,172,4.2,0,0,0.5,0,0,70
28-02-2025,OLD CT,7.7,23,0,0,2610,1749,1028,657,371,361,5.2,0,0,0.5,0,0,73
01-03-2025,CT 850 TPD,8.33,18,0,0.5,1614,1082,795,449,346,172,0,0,0,0,0,0,0
01-03-2025,ECH CT,8.1,0,0,0.2,955,640,285,176,109,125,2.7,100,2,0,0,0,0
01-03-2025,NEW CT,8.02,16,0,0,1567,1050,760,428,332,165,4.3,0,0,0.6,0,0,72
01-03-2025,OLD CT,7.21,25,0,0,3037,2035,1035,687,348,323,5.2,0,0,0.5,0,0,76
03-03-2025,CT 850 TPD,8.31,30,0,0.5,1576,1056,648,389,259,178,0,0,0,0,0,0,0
03-03-2025,ECH CT,8.2,0,0,1,925,620,262,162,100,108,2.9,92,3,0,0,0,0
03-03-2025,NEW CT,8.79,19,0,0,1508,1011,691,680,11,169,4.2,0,0,0.5,0,0,77
03-03-2025,OLD CT,7.6,30,0,0,2756,1847,1011,626,385,364,5.1,0,0,0,0,0,74
04-03-2025,CT 850 TPD,8.04,23,0,0.1,1514,1015,702,402,300,187,0,0,0,0,0,0,0
04-03-2025,ECH CT,8.2,0,0,0.2,962,645,280,173,107,100,2.6,100,2,0,0,0,0
04-03-2025,NEW CT,8.49,21,0,0,1411,946,708,389,319,187,4.3,0,0,0.5,0,0,75
04-03-2025,OLD CT,7.26,29,0,0,2855,1913,1024,639,385,373,5.3,0,0,0.6,0,0,75
05-03-2025,CT 850 TPD,8.14,26,0,0,1405,942,734,410,324,195,0,0,0,0,0,0,0
05-03-2025,ECH CT,8,0,0,0,925,620,266,164,102,108,2.6,92,0,0,0,0,0
05-03-2025,NEW CT,7.86,23,0,0.1,1304,874,713,376,337,178,4,0,0,0.6,0,0,76
05-03-2025,OLD CT,7.42,25,0,0.1,2802,1878,1037,635,402,382,5,0,0,0.5,0,0,78
06-03-2025,CT 850 TPD,8.13,22,0,0,1416,949,756,428,328,178,0,0,0,0,0,0,0
06-03-2025,ECH CT,8,0,0,0.2,960,643,250,155,95,80,2.7,86,0,0,0,0,0
06-03-2025,NEW CT,8.18,19,0,0,1319,884,696,397,299,160,4.2,0,0,0.5,0,0,75
06-03-2025,OLD CT,7.06,21,0,1,3147,2109,1106,613,493,355,4.8,0,0,0.6,0,0,72
07-03-2025,CT 850 TPD,0,0,0,0,0,0,0,0,0,0,0,0,0,0,0,0,0
07-03-2025,ECH CT,8.2,0,0,0.3,655,439,200,120,80,116,2.5,93,0,0,0,0,0
07-03-2025,NEW CT,7.97,17,0,0,1497,1003,704,415,289,178,4,0,0,0.6,0,0,74
07-03-2025,OLD CT,6.82,35,0,0,3208,2150,1115,613,502,373,4.3,0,0,0.5,0,0,70
08-03-2025,CT 850 TPD,0,0,0,0,0,0,0,0,0,0,0,0,0,0,0,0,0
08-03-2025,ECH CT,8.1,0,0,0,671,450,219,135,84,127,2.3,100,0,0,0,0,0
08-03-2025,NEW CT,7.78,18,0,0,1380,925,717,424,293,169,4.2,0,0,0.5,0,0,69
08-03-2025,OLD CT,6.56,28,0,0,2938,1969,1060,644,416,371,4.5,0,0,0.5,0,0,72
10-03-2025,CT 850 TPD,7.61,26,0,0.6,1426,956,729,399,330,195,3.1,0,0,0,0,0,28
10-03-2025,ECH CT,8,0,0,0,644,432,227,140,87,110,2.5,100,0,0,0,0,0
10-03-2025,NEW CT,7.64,18,0,0,1490,998,725,428,297,178,4.1,0,0,0.5,0,0,74
10-03-2025,OLD CT,7.01,22,0,0,2962,1985,1064,657,407,373,4.4,0,0,0.6,0,0,75
11-03-2025,CT 850 TPD,7.96,16,0,0.1,1515,1015,739,418,321,178,3.4,0,0,0,0,0,24
11-03-2025,ECH CT,8.2,0,0,0,629,420,210,128,82,112,2.6,110,0,0,0,0,0
11-03-2025,NEW CT,8.15,18,0,0,1513,1014,761,462,299,187,4.3,0,0,0.5,0,0,65
11-03-2025,OLD CT,7.28,24,0,0,3119,2090,990,660,330,355,4.2,0,0,0.5,0,0,78
12-03-2025,CT 850 TPD,7.91,23,0,0,1444,968,748,422,326,204,3.2,0,0,0,0,0,27
12-03-2025,ECH CT,8.1,0,0,0,604,405,225,139,86,96,2.4,100,0,0,0,0,0
12-03-2025,NEW CT,7.73,19,0,0,1389,931,783,466,317,195,4.3,0,0,0.5,0,0,71
12-03-2025,OLD CT,7.05,24,0,1,2411,1616,1012,659,353,364,4.4,0,0,0.5,0,0,72
13-03-2025,CT 850 TPD,7.45,28,0,0,1549,1038,712,405,307,213,3.1,0,0,0,0,0,22
13-03-2025,ECH CT,8.25,0,0,0.5,701,470,215,133,82,99,2.6,122,0,0,0,0,0
13-03-2025,NEW CT,7.41,18,0,0,1531,1026,796,449,347,178,4.5,0,0,0.6,0,0,75
13-03-2025,OLD CT,7.02,28,0,1,2546,1706,1065,660,405,382,4.2,0,0,0.9,0,0,70
15-03-2025,CT 850 TPD,8.22,20,0,0,1450,972,728,392,336,195,3.2,0,0,0,0,0,25
15-03-2025,ECH CT,8.3,0,0,0,679,455,230,142,88,101,2.4,100,3,0,0,0,0
15-03-2025,NEW CT,8.06,20,0,0.2,1543,1034,796,458,338,187,4.5,0,0,0.6,0,0,70
15-03-2025,OLD CT,7.25,29,0,1,2079,1393,1052,662,390,355,4.1,0,0,0.5,0,0,70
17-03-2025,CT 850 TPD,8.39,23,0,0,1574,1055,651,374,277,204,3,0,0,0,0,0,27
17-03-2025,ECH CT,8.4,0,0,0.3,628,421,195,120,75,110,2.2,120,3,0,0,0,0
17-03-2025,NEW CT,7.82,16,0,0.5,1525,1022,669,528,141,187,4.5,0,0,0.5,0,0,70
17-03-2025,OLD CT,7.14,22,0,0.8,2573,1724,946,528,418,364,4.2,0,0,0.6,0,0,72
18-03-2025,CT 850 TPD,8.05,21,0,0.1,1541,1033,673,387,286,187,3.3,0,0,0,0,0,29
18-03-2025,ECH CT,8.3,0,0,0.3,619,415,190,113,77,104,2.5,116,2,0,0,0,0
18-03-2025,NEW CT,7.76,21,0,0.3,1519,1018,704,383,321,213,4.6,0,0,0.6,0,0,72
18-03-2025,OLD CT,7.46,26,0,0.5,1964,1316,968,537,431,382,4.3,0,0,0.5,0,0,76
19-03-2025,CT 850 TPD,8.23,29,0,0.3,1626,1090,704,396,308,204,3.6,0,0,0,0,0,32
19-03-2025,ECH CT,8.4,0,0,0.1,661,443,198,121,77,109,2.5,110,2,0,0,0,0
19-03-2025,NEW CT,8.15,23,0,0.5,1556,1043,717,392,325,204,4.7,0,0,0.5,0,0,73
19-03-2025,OLD CT,7.09,19,0,0,1943,1302,998,575,423,409,4.6,0,0,0.6,0,0,73
20-03-2025,CT 850 TPD,8.16,27,0,0,1710,1146,717,405,312,213,3.8,0,0,0,0,0,30
20-03-2025,ECH CT,8.3,0,0,0,619,415,213,132,81,117,2.7,100,0,0,0,0,0
20-03-2025,NEW CT,8.02,23,0,0.5,1604,1075,726,396,330,222,4.6,0,0,0.5,0,0,76
20-03-2025,OLD CT,7.05,24,0,0,2000,1340,994,580,414,400,4.3,0,0,0.6,0,0,72
21-03-2025,CT 850 TPD,7.88,20,0,0,1759,1179,708,392,316,195,3.2,0,0,0,0,0,28
21-03-2025,ECH CT,8.4,0,0,0.1,639,428,205,127,78,102,2.4,107,3,0,0,0,0
21-03-2025,NEW CT,8.09,15,0,0.5,1825,1223,717,392,325,213,4.5,0,0,0.5,0,0,72
21-03-2025,OLD CT,7.33,30,0,0.5,1940,1300,994,575,419,391,4.5,0,0,0.5,0,0,70
22-03-2025,CT 850 TPD,8.23,33,0,0,1665,1116,704,387,317,187,3,0,0,0,0,0,25
22-03-2025,ECH CT,8.4,0,0,0,650,436,219,135,84,110,2.4,119,2,0,0,0,0
22-03-2025,NEW CT,7.98,31,0,0.8,1920,1287,739,405,334,231,4.6,0,0,0.6,0,0,75
22-03-2025,OLD CT,7.08,30,0,0.5,2123,1423,998,584,414,382,4.4,0,0,0.5,0,0,73
24-03-2025,CT 850 TPD,7.95,22,0,0,1759,1179,708,374,334,187,3.1,0,0,0,0,0,26
24-03-2025,ECH CT,8.2,0,0,0.2,635,421,200,122,78,107,2.6,120,0,0,0,0,0
24-03-2025,NEW CT,8.12,25,0,0,1825,1223,730,409,321,213,4.4,0,0,0.5,0,0,70
24-03-2025,OLD CT,7.71,32,0,0.5,2201,1475,994,575,419,382,4.2,0,0,0.5,0,0,72
25-03-2025,CT 850 TPD,7.81,22,0,0,1781,1193,874,506,368,204,3.3,0,0,0,0,0,23
25-03-2025,ECH CT,8.38,0,0,0.2,652,437,209,129,80,100,2.5,132,3,0,0,0,0
25-03-2025,NEW CT,7.97,20,0,0,1531,1026,731,423,308,195,4.5,0,0,0.5,0,0,75
25-03-2025,OLD CT,7.24,25,0,0.5,2384,1597,925,529,396,400,4.3,0,0,0.5,0,0,70
26-03-2025,CT 850 TPD,7.79,18,0,0,1876,1258,897,515,382,192,3.2,0,0,0,0,0,19
26-03-2025,ECH CT,8.3,0,0,0.1,700,469,200,124,76,106,2.3,110,2,0,0,0,0
26-03-2025,NEW CT,8.27,18,0,0,1691,1133,745,437,308,135,4.6,0,0,0.5,0,0,68
26-03-2025,OLD CT,7.01,20,0,0.5,2708,1815,957,547,410,377,4.5,0,0,0.5,0,0,77
27-03-2025,CT 850 TPD,8.04,21,0,0,1826,1224,920,524,396,199,3.4,0,0,0,0,0,21
27-03-2025,ECH CT,8.2,0,0,0,716,480,204,126,78,118,2.3,125,0,0,0,0,0
27-03-2025,NEW CT,7.48,18,0,0,1798,1205,759,432,327,171,4.5,0,0,0.5,0,0,72
27-03-2025,OLD CT,7.58,26,0,0,2597,1740,966,552,414,391,4.5,0,0,0.5,0,0,75
28-03-2025,CT 850 TPD,8.1,19,0,0,1776,1190,911,511,400,185,3.2,0,0,0,0,0,18
28-03-2025,ECH CT,8.37,0,0,0.2,722,484,210,126,84,110,2.5,129,3,0,0,0,0
28-03-2025,NEW CT,7.21,16,0,0,1821,1220,750,419,331,164,4.5,0,0,0.5,0,0,70
28-03-2025,OLD CT,7.03,33,0,0.5,2550,1709,989,566,423,404,4.4,0,0,0.5,0,0,72
29-03-2025,CT 850 TPD,8.39,22,0,0.5,1832,1228,925,520,405,178,3.4,0,0,0,0,0,20
29-03-2025,ECH CT,8.4,0,0,0.3,698,480,205,123,82,106,2.9,100,3,0,0,0,0
29-03-2025,NEW CT,7.91,23,0,0.4,1949,1306,759,432,327,158,4.4,0,0,0.5,0,0,73
29-03-2025,OLD CT,7.7,26,0,0.6,2387,1599,971,502,469,384,4.3,0,0,0.5,0,0,72
31-03-2025,CT 850 TPD,8.2,23,0,0.3,1916,1284,879,460,419,151,3.1,0,0,0,0,0,21
31-03-2025,ECH CT,8.15,0,0,0.1,696,479,200,120,80,104,2.7,95,0,0,0,0,0
31-03-2025,NEW CT,7.85,20,0,1,1768,1185,727,423,304,144,4.3,0,0,0.4,0,0,69
31-03-2025,OLD CT,7.6,26,0,0,2420,1622,929,483,446,377,4.5,0,0,0.5,0,0,79
01-04-2025,CT 850 TPD,8.21,15,0,0.2,1992,1335,630,331,299,197,4.2,0,0,0,0,0,0
01-04-2025,ECH CT,8.1,0,0,0,80,54,3,2,1,4,0,50,0,0,0,0,0
01-04-2025,NEW CT,8.2,25,0,0.6,1704,1142,722,382,340,252,4,0,0,0.5,0,0,81
01-04-2025,OLD CT,7.09,24,0,0.7,2405,1612,883,497,386,236,3.2,0,0,0.5,0,0,83
02-04-2025,CT 850 TPD,8.21,19,0,0.3,1867,1252,607,322,285,181,4.3,0,0,0,0,0,28
02-04-2025,ECH CT,8.1,0,0,0.2,704,472,215,133,82,109,2.9,103,0,0,0,0,0
02-04-2025,NEW CT,8.39,18,0,0.4,1793,1201,736,391,345,268,4.1,0,0,0.4,0,0,85
02-04-2025,OLD CT,7.64,15,0,0.4,2528,1694,920,483,437,252,3.3,0,0,0.4,0,0,77
03-04-2025,CT 850 TPD,7.29,16,0,0,1956,1311,639,363,276,187,4.1,0,0,0,0,0,24
03-04-2025,ECH CT,8,0,0,0.3,716,480,220,146,74,110,2.8,100,0,0,0,0,0
03-04-2025,NEW CT,8.44,17,0,0.4,2031,1361,768,414,354,244,4.3,0,0,0.4,0,0,79
03-04-2025,OLD CT,7.14,19,0,0,2860,1916,966,506,460,276,3.1,0,0,0.5,0,0,75
04-04-2025,CT 850 TPD,8.53,26,0,0,1988,1332,653,368,285,181,4.1,0,0,0,0,0,22
04-04-2025,ECH CT,8,0,0,0.2,742,497,220,134,86,112,2.7,95,0,0,0,0,0
04-04-2025,NEW CT,7.93,26,0,0.5,2259,1514,791,431,360,260,4.2,0,0,0.5,0,0,82
04-04-2025,OLD CT,7.14,18,0,0,3030,2030,975,515,460,260,3.2,0,0,0.4,0,0,78
05-04-2025,CT 850 TPD,8.38,18,0,0,2027,1358,644,377,267,197,4.4,0,0,0,0,0,24
05-04-2025,ECH CT,8.2,0,0,0.1,783,525,232,143,89,109,2.5,104,2,0,0,0,0
05-04-2025,NEW CT,8,22,0,0.6,2201,1475,782,428,354,236,4.4,0,0,0.5,0,0,80
05-04-2025,OLD CT,7.17,17,0,1,2803,1878,966,529,437,276,3.3,0,0,0.5,0,0,76
07-04-2025,CT 850 TPD,8.46,20,0,0,2070,1387,704,382,322,197,4.3,0,0,0,0,0,26
07-04-2025,ECH CT,8,0,0,0.1,794,532,200,120,80,120,2.4,90,0,0,0,0,0
07-04-2025,NEW CT,7.6,20,0,0.4,2509,1681,777,400,377,236,4.3,0,0,0.4,0,0,76
07-04-2025,OLD CT,7.22,17,0,0.8,2530,1695,1021,515,506,260,3.2,0,0,0.5,0,0,77
08-04-2025,CT 850 TPD,8.41,25,0,0.1,2140,1434,736,432,304,205,4.2,0,0,0,0,0,22
08-04-2025,ECH CT,7.9,0,0,0.2,768,515,210,130,80,109,2.4,82,0,0,0,0,0
08-04-2025,NEW CT,8.27,16,0,0.1,2131,1428,736,423,313,252,4.4,0,0,0.5,0,0,82
08-04-2025,OLD CT,6.91,22,0,0.9,2634,1765,1104,621,483,276,3.4,0,0,0.5,0,0,80
09-04-2025,CT 850 TPD,8.65,21,0,0.4,2124,1422,782,423,359,197,4.5,0,0,0,0,0,20
09-04-2025,ECH CT,8.2,0,0,0.2,782,524,207,128,79,119,2.5,90,0,0,0,0,0
09-04-2025,NEW CT,8.66,19,0,0,2018,1352,782,455,327,284,4.2,0,0,0.4,0,0,79
09-04-2025,OLD CT,7.43,18,0,0.2,2446,1639,1081,616,465,252,3.5,0,0,0.5,0,0,72
10-04-2025,CT 850 TPD,8.08,21,0,0,1896,1270,787,428,359,205,4.3,0,0,0,0,0,21
10-04-2025,ECH CT,8.2,0,0,0.1,837,561,221,137,84,112,2.3,131,0,0,0,0,0
10-04-2025,NEW CT,7.63,21,0,0,2070,1387,805,460,345,292,4.3,0,0,0.5,0,0,82
10-04-2025,OLD CT,7.41,25,0,0,2459,1648,1104,621,483,260,3.6,0,0,0.6,0,0,74
11-04-2025,CT 850 TPD,7.26,18,0,0,2046,1371,796,419,377,173,4.5,0,0,0,0,0,19
11-04-2025,ECH CT,8.2,0,0,0.1,859,576,214,132,82,107,2.3,92,0,0,0,0,0
11-04-2025,NEW CT,7.19,20,0,0,2259,1514,791,437,354,267,4.4,0,0,0.5,0,0,75
11-04-2025,OLD CT,6.96,20,0,0,2968,1989,1095,630,465,252,3.4,0,0,0.5,0,0,79
12-04-2025,CT 850 TPD,8.12,20,0,0.2,2141,1435,805,428,377,189,4.4,0,0,0,0,0,18
12-04-2025,ECH CT,8.2,0,0,0.2,822,551,200,124,76,102,2.5,100,0,0,0,0,0
12-04-2025,NEW CT,8.07,22,0,0,2017,1352,810,451,359,275,4.5,0,0,0.5,0,0,78
12-04-2025,OLD CT,7.57,18,0,0,3044,2040,1109,621,488,276,3.1,0,0,0.5,0,0,83
14-04-2025,CT 850 TPD,8.15,19,0,0.1,1611,1080,791,428,363,173,4.5,0,0,0,0,0,22
14-04-2025,ECH CT,8.2,0,0,0,822,551,207,128,79,97,2.3,105,0,0,0,0,0
14-04-2025,NEW CT,8.28,22,0,0.2,1783,1195,787,429,358,267,4.3,0,0,0.5,0,0,76
14-04-2025,OLD CT,7.45,22,0,0.5,2231,1495,1090,593,497,352,3,0,0,0.5,0,0,78
15-04-2025,CT 850 TPD,8.56,19,0,0.1,1765,1183,805,428,377,189,4.6,0,0,0,0,0,25
15-04-2025,ECH CT,8.1,0,0,0.1,838,562,195,120,75,94,2.3,100,0,0,0,0,0
15-04-2025,NEW CT,8.72,21,0,0,1452,973,690,409,281,251,4.6,0,0,0.5,0,0,79
15-04-2025,OLD CT,7.95,26,0,0.5,2197,1472,1104,598,506,268,4,0,0,0.5,0,0,76
16-04-2025,CT 850 TPD,8.1,22,0,0,1901,1274,800,414,386,205,4.3,0,0,0,0,0,23
16-04-2025,ECH CT,8.1,0,0,0.2,862,578,203,124,79,90,2.5,100,0,0,0,0,0
16-04-2025,NEW CT,8.14,21,0,0,1662,1114,722,423,299,259,4.5,0,0,0.5,0,0,77
16-04-2025,OLD CT,7.02,22,0,0.5,2697,1807,1095,589,506,252,4.2,0,0,0.5,0,0,78
17-04-2025,CT 850 TPD,7.68,25,0,0.4,1835,1230,819,428,391,205,4.6,0,0,0,0,0,21
17-04-2025,ECH CT,8.2,0,0,0,952,638,205,127,78,115,2.2,95,0,0,0,0,0
17-04-2025,NEW CT,7.94,21,0,0.5,1844,1236,727,428,299,308,4.6,0,0,0.6,0,0,75
17-04-2025,OLD CT,7.13,15,0,0.1,2292,1536,1118,580,538,276,4.6,0,0,0.5,0,0,79
18-04-2025,CT 850 TPD,7.98,24,0,0.1,1870,1253,810,432,378,197,4.3,0,0,0,0,0,22
18-04-2025,ECH CT,8.25,0,0,0,910,610,213,132,81,109,2.4,98,2,0,0,0,0
18-04-2025,NEW CT,7.97,20,0,0.5,2153,1443,731,419,312,284,4.4,0,0,0.6,0,0,79
18-04-2025,OLD CT,6.79,16,0,0,2296,1538,1109,561,548,263,4.2,0,0,0.5,0,0,75
19-04-2025,CT 850 TPD,6.96,24,0,0,2007,1345,828,428,400,181,4.5,0,0,0,0,0,19
19-04-2025,ECH CT,8.2,0,0,0,1026,688,218,139,79,118,3,85,0,0,0,0,0
19-04-2025,NEW CT,6.93,20,0,0.5,2066,1384,728,419,309,252,4.5,0,0,0.5,0,0,83
19-04-2025,OLD CT,6.41,20,0,0.1,2310,1548,1161,595,566,260,4.5,0,0,0.5,0,0,79
21-04-2025,CT 850 TPD,8.14,19,0,0.1,1820,1220,809,424,385,157,4.7,0,0,0,0,0,18
21-04-2025,ECH CT,8.1,0,0,0,805,540,200,124,76,102,3.5,95,0,0,0,0,0
21-04-2025,NEW CT,8.18,20,0,0.2,1902,1275,738,405,333,276,4.1,0,0,0.5,0,0,77
21-04-2025,OLD CT,8.18,20,0,0,2307,1546,1119,595,524,236,4.5,0,0,0.5,0,0,72
22-04-2025,CT 850 TPD,8.18,18,0,0.3,1497,1003,862,405,457,165,4.5,0,0,0,0,0,20
22-04-2025,ECH CT,8.1,0,0,0.1,828,555,195,120,75,98,3.5,95,0,0,0,0,0
22-04-2025,NEW CT,7.61,21,0,0.1,1932,1295,752,428,324,252,4.4,0,0,0.5,0,0,81
22-04-2025,OLD CT,6.59,16,0,0,1882,1261,1085,571,514,228,4.2,0,0,0.5,0,0,76
23-04-2025,CT 850 TPD,8.02,21,0,0.3,1431,959,785,414,371,181,4.6,0,0,0,0,0,21
23-04-2025,ECH CT,8.3,0,0,0.2,885,593,209,124,85,106,3.2,90,0,0,0,0,0
23-04-2025,NEW CT,8.29,21,0,0.2,1901,1274,762,443,319,276,4.5,0,0,0.6,0,0,79
23-04-2025,OLD CT,7.35,26,0,0.3,1719,1152,1066,585,481,236,4.3,0,0,0.6,0,0,79
24-04-2025,CT 850 TPD,7.34,21,0,0.2,1391,932,800,409,391,197,4.4,0,0,0,0,0,20
24-04-2025,ECH CT,8.2,0,0,0.2,817,548,240,148,92,185,3,100,1,0,0,0,0
24-04-2025,NEW CT,7.06,23,0,0,1755,1176,785,428,357,244,4.3,0,0,0.5,0,0,75
24-04-2025,OLD CT,7.06,20,0,0,1829,1226,1009,571,438,197,4.5,0,0,0.5,0,0,81
25-04-2025,CT 850 TPD,7.87,20,0,0,1746,1170,785,390,395,176,4.6,0,0,0,0,0,17
25-04-2025,ECH CT,8.2,0,0,0.2,835,560,225,139,86,194,3,105,1,0,0,0,0
25-04-2025,NEW CT,7.94,19,0,0,2443,1637,776,414,362,268,4.2,0,0,0.5,0,0,79
25-04-2025,OLD CT,7.01,17,0,0,2240,1501,1042,581,461,213,4.2,0,0,0.5,0,0,76
26-04-2025,CT 850 TPD,8.19,18,0,0,1528,1024,781,386,395,165,4.4,0,0,0,0,0,19
26-04-2025,ECH CT,8.2,0,0,0.3,804,539,240,148,92,213,3,100,0,0,0,0,0
26-04-2025,NEW CT,8.23,18,0,0,2062,1382,771,409,362,260,4.1,0,0,0.5,0,0,80
26-04-2025,OLD CT,7.59,18,0,0,1925,1290,1033,569,464,209,4.3,0,0,0.5,0,0,75
28-04-2025,CT 850 TPD,7.95,21,0,0.3,0,935,790,388,402,161,4.6,0,0,0,0,0,17
28-04-2025,ECH CT,8.3,0,0,0.2,817,548,253,156,97,205,3,110,2,0,0,0,0
28-04-2025,NEW CT,8.12,22,0,0,1953,1309,776,390,386,268,4.2,0,0,0.6,0,0,72
28-04-2025,OLD CT,7.07,21,0,0,2083,1396,1028,585,443,181,4.4,0,0,0.5,0,0,79
29-04-2025,CT 850 TPD,7.89,21,0,0.2,1450,972,818,347,471,188,4.8,0,0,0,0,0,18
29-04-2025,ECH CT,8.25,0,0,0.1,841,564,240,148,92,230,2.5,90,0,0,0,0,0
29-04-2025,NEW CT,8.67,23,0,0,1565,1049,783,347,436,276,4.5,0,0,0.5,0,0,75
29-04-2025,OLD CT,7.52,21,0,0.6,2126,1425,1044,530,514,189,4.5,0,0,0.6,0,0,88
30-04-2025,CT 850 TPD,7.84,22,0,0.6,1395,935,734,360,374,157,4.5,0,0,0,0,0,16
30-04-2025,ECH CT,8.3,0,0,0.1,1014,680,228,141,87,242,2.5,96,0,0,0,0,0
30-04-2025,NEW CT,8.62,20,0,0,1723,1155,734,326,408,252,4.6,0,0,0.5,0,0,78
30-04-2025,OLD CT,7.45,22,0,0.6,2579,1728,1142,510,632,158,4.3,0,0,0.5,0,0,83
01-05-2025,CT 850 TPD,8.1,19,0,0.1,1356,909,714,306,408,142,4,0,0,0,0,0,24
01-05-2025,ECH CT,8.3,0,0,0.1,1002,672,235,145,90,234,2.5,90,0,0,0,0,0
01-05-2025,NEW CT,8.69,20,0,0.1,1579,1058,755,318,437,236,4.4,0,0,0.5,0,0,81
01-05-2025,OLD CT,7.19,23,0,0.5,3198,2143,1151,522,629,197,4.3,0,0,0.5,0,0,79
02-05-2025,CT 850 TPD,8.06,18,0,0.1,1361,912,694,394,300,157,4.2,0,0,0,0,0,18
02-05-2025,ECH CT,8.25,0,0,0,1037,695,210,130,80,210,2.5,90,0,0,0,0,0
02-05-2025,NEW CT,8.24,18,0,0.1,1557,1043,759,400,359,252,4.5,0,0,0.5,0,0,78
02-05-2025,OLD CT,7.49,20,0,0.6,2303,1543,1142,612,530,189,4.2,0,0,0.6,0,0,74
03-05-2025,CT 850 TPD,8.01,21,0,0.5,1325,888,698,398,300,165,4,0,0,0,0,0,20
03-05-2025,ECH CT,8.3,0,0,0.1,1048,699,215,139,76,212,2.3,95,2,0,0,0,0
03-05-2025,NEW CT,8.25,19,0,0.1,1425,955,755,396,359,244,4.4,0,0,0.5,0,0,75
03-05-2025,OLD CT,7.4,20,0,0.6,2411,1616,1138,608,530,193,4.1,0,0,0.5,0,0,78
05-05-2025,CT 850 TPD,7.83,20,0,0.2,1371,919,694,388,306,165,4.5,0,0,0,0,0,15
05-05-2025,ECH CT,8.1,0,0,0.1,1080,720,200,124,76,220,2,91,0,0,0,0,0
05-05-2025,NEW CT,8.26,18,0,0.2,1410,945,755,388,367,236,4.1,0,0,0.5,0,0,77
05-05-2025,OLD CT,6.84,19,0,1,2395,1605,1187,628,559,197,4.4,0,0,0.5,0,0,79
06-05-2025,CT 850 TPD,7.71,23,0,0.5,1323,887,673,371,302,154,4.3,0,0,0,0,0,16
06-05-2025,ECH CT,8.1,0,0,0.1,1010,676,190,117,73,198,2,100,0,0,0,0,0
06-05-2025,NEW CT,8.03,18,0,0.4,1365,915,714,375,339,228,4.3,0,0,0.5,0,0,79
06-05-2025,OLD CT,7.05,17,0,0.5,2197,1472,1122,604,518,173,4.2,0,0,0.5,0,0,81
07-05-2025,CT 850 TPD,7.7,20,0,0.4,1174,787,694,384,310,181,4.6,0,0,0,0,0,18
07-05-2025,ECH CT,8.15,0,0,0,1029,690,196,121,75,190,2,96,0,0,0,0,0
07-05-2025,NEW CT,8.13,21,0,0.4,1380,925,726,379,347,236,4.5,0,0,0.5,0,0,81
07-05-2025,OLD CT,7.11,18,0,0.5,2098,1406,1134,616,518,181,4.3,0,0,0.5,0,0,83
08-05-2025,CT 850 TPD,7.58,19,0,0.2,1451,972,602,521,81,197,4.5,0,0,0,0,0,16
08-05-2025,ECH CT,8,0,0,0.1,940,630,200,125,75,220,2.3,85,0,0,0,0,0
08-05-2025,NEW CT,8.4,19,0,0.1,1324,887,649,352,297,197,4.2,0,0,0.5,0,0,75
08-05-2025,OLD CT,7.19,21,0,0.5,2426,1626,998,531,467,189,4,0,0,0.5,0,0,88
09-05-2025,CT 850 TPD,7.71,18,0,0.5,1252,839,595,317,278,181,4.2,0,0,0,0,0,15
09-05-2025,ECH CT,8.1,0,0,0.1,958,642,210,130,80,226,2.3,89,0,0,0,0,0
09-05-2025,NEW CT,8.32,18,0,0.2,1120,753,642,337,305,181,4,0,0,0.4,0,0,70
09-05-2025,OLD CT,7.12,26,0,0.8,2213,1483,990,535,455,181,4.2,0,0,0.4,0,0,80
10-05-2025,CT 850 TPD,7.92,22,0,0,1309,877,598,321,277,189,4.1,0,0,0,0,0,14
10-05-2025,ECH CT,8.1,0,0,0.1,1028,688,210,130,80,218,2.5,84,0,0,0,0,0
10-05-2025,NEW CT,8.04,18,0,0.2,1194,800,638,333,305,177,4.1,0,0,0.5,0,0,72
10-05-2025,OLD CT,7.68,20,0,0,2466,1652,994,531,463,173,4.1,0,0,0.5,0,0,85
12-05-2025,CT 850 TPD,7.95,20,0,0.2,1208,810,598,329,269,160,4.4,0,0,0,0,0,15
12-05-2025,ECH CT,8.15,0,0,0.1,1000,670,200,124,76,210,2.3,90,0,0,0,0,0
12-05-2025,NEW CT,8.31,20,0,0,1070,717,741,325,416,197,4,0,0,0.4,0,0,75
12-05-2025,OLD CT,7.01,18,0,0,2556,1713,978,519,459,181,4.1,0,0,0.5,0,0,78
13-05-2025,CT 850 TPD,7.8,20,0,0.2,1179,790,574,356,218,173,4,0,0,0,0,0,17
13-05-2025,ECH CT,8.2,0,0,0,1020,684,205,133,72,214,2,96,0,0,0,0,0
13-05-2025,NEW CT,8.33,23,0,0,1332,893,701,380,321,181,4.1,0,0,0.5,0,0,79
13-05-2025,OLD CT,7.7,24,0,0,2877,1928,986,507,479,173,4,0,0,0.5,0,0,78
14-05-2025,CT 850 TPD,7.77,25,0,0.4,1114,747,594,329,265,197,4.3,0,0,0,0,0,18
14-05-2025,ECH CT,8.1,0,0,0.1,1000,670,190,117,73,205,2,90,0,0,0,0,0
14-05-2025,NEW CT,7.92,25,0,0.2,1237,829,673,388,285,205,4.6,0,0,0.6,0,0,83
14-05-2025,OLD CT,7.74,23,0,0,2344,1571,998,535,463,189,4.3,0,0,0.6,0,0,87
15-05-2025,CT 850 TPD,8.16,18,0,0.5,1095,734,586,325,261,181,4.1,0,0,0,0,0,26
15-05-2025,ECH CT,8.1,0,0,0.1,987,661,196,121,75,212,2.3,86,0,0,0,0,0
15-05-2025,NEW CT,7.56,19,0,0.2,1282,859,685,392,293,213,4.2,0,0,0.5,0,0,80
15-05-2025,OLD CT,7.5,20,0,0,2456,1646,990,581,409,181,4.5,0,0,0.5,0,0,79
16-05-2025,CT 850 TPD,8.05,22,0,0.1,1095,734,578,321,257,173,4.2,0,0,0,0,0,16
16-05-2025,ECH CT,8.2,0,0,0.2,1019,683,200,133,67,216,2,90,0,0,0,0,0
16-05-2025,NEW CT,8.14,18,0,0,1145,767,681,376,305,181,4.1,0,0,0.5,0,0,83
16-05-2025,OLD CT,7.61,20,0,0,2528,1694,994,523,471,157,4.2,0,0,0.5,0,0,82
17-05-2025,CT 850 TPD,7.73,21,0,0,1414,948,572,317,255,169,4.3,0,0,0,0,0,18
17-05-2025,ECH CT,8.15,0,0,0.1,1038,696,207,128,79,223,2,85,0,0,0,0,0
17-05-2025,NEW CT,8.16,20,0,0,1217,816,673,370,303,177,4.1,0,0,0.5,0,0,79
17-05-2025,OLD CT,7.23,15,0,0,3029,2030,981,519,462,161,4.3,0,0,0.5,0,0,80
19-05-2025,CT 850 TPD,7.66,19,0,0,1182,792,572,317,255,165,4.3,0,0,0,0,0,16
19-05-2025,ECH CT,8.3,0,0,0.1,970,649,200,124,76,220,2,84,2,0,0,0,0
19-05-2025,NEW CT,8.28,17,0,0,1038,696,664,361,303,165,4.3,0,0,0.5,0,0,79
19-05-2025,OLD CT,7.19,20,0,0,2147,1439,972,510,462,165,4.2,0,0,0.5,0,0,82
20-05-2025,CT 850 TPD,7.93,21,0,0.4,1188,796,554,326,228,181,4.1,0,0,0,0,0,15
20-05-2025,ECH CT,8.2,0,0,0.1,973,651,209,129,80,213,2.3,80,0,0,0,0,0
20-05-2025,NEW CT,8.54,21,0,0,1028,689,673,365,308,175,4.1,0,0,0.5,0,0,81
20-05-2025,OLD CT,7.14,22,0,0,2134,1430,986,506,480,181,4.1,0,0,0.5,0,0,86
21-05-2025,CT 850 TPD,7.51,21,0,0.4,1389,931,541,330,211,173,4.2,0,0,0,0,0,15
21-05-2025,ECH CT,8.1,0,0,0,886,593,169,99,70,235,2.3,60,0,0,0,0,0
21-05-2025,NEW CT,8.97,19,0,0.1,1143,766,686,374,312,188,4.2,0,0,0.5,0,0,78
21-05-2025,OLD CT,0,0,0,0,0,0,0,0,0,0,0,0,0,0,0,0,0
22-05-2025,CT 850 TPD,7.81,21,0,0.5,1294,867,515,312,203,165,4,0,0,0,0,0,17
22-05-2025,ECH CT,8.1,0,0,0,817,547,160,99,61,227,2,44,0,0,0,0,0
22-05-2025,NEW CT,7.88,18,0,0,1022,685,572,326,246,165,4,0,0,0.5,0,0,80
22-05-2025,OLD CT,0,0,0,0,0,0,0,0,0,0,0,0,0,0,0,0,0
23-05-2025,CT 850 TPD,7.64,19,0,0.6,1474,988,524,317,207,170,4.5,0,0,0,0,0,19
23-05-2025,ECH CT,8.15,0,0,0,790,529,152,83,69,225,2,50,0,0,0,0,0
23-05-2025,NEW CT,8.63,22,0,0,1167,782,581,343,238,162,4.2,0,0,0.4,0,0,83
23-05-2025,OLD CT,0,0,0,0,0,0,0,0,0,0,0,0,0,0,0,0,0
24-05-2025,CT 850 TPD,7.84,20,0,0.5,1540,1032,546,326,220,162,4.4,0,0,0,0,0,18
24-05-2025,ECH CT,8,0,0,0,844,565,145,89,56,213,2,50,0,0,0,0,0
24-05-2025,NEW CT,8.71,18,0,0,1111,745,594,330,264,155,4,0,0,0.5,0,0,81
24-05-2025,OLD CT,0,0,0,0,0,0,0,0,0,0,0,0,0,0,0,0,0
26-05-2025,ECH CT,7.6,19,0,0.5,759,508,120,74,46,177,2.2,54,0,0,0,0,0
26-05-2025,NEW CT,8.41,20,0,0.1,1402,940,598,326,272,166,4.2,0,0,0.4,0,0,77
26-05-2025,OLD CT,0,0,0,0,0,0,0,0,0,0,0,0,0,0,0,0,0
27-05-2025,CT 850 TPD,7.4,22,0,0.2,1555,1042,532,307,225,155,4.1,0,0,0,0,0,17
27-05-2025,ECH CT,8.1,0,0,0,860,576,120,74,46,180,2.3,74,0,0,0,0,0
27-05-2025,NEW CT,8.01,20,0,0,1182,792,594,321,273,162,4.1,0,0,0.4,0,0,81
27-05-2025,OLD CT,0,0,0,0,0,0,0,0,0,0,0,0,0,0,0,0,0
28-05-2025,CT 850 TPD,7.36,21,0,0.3,1231,825,546,321,225,170,4.2,0,0,0,0,0,16
28-05-2025,ECH CT,8.2,0,0,0.1,854,572,127,78,49,205,2.5,74,1,0,0,0,0
28-05-2025,NEW CT,8.18,25,0,0,1152,772,616,326,290,170,4.1,0,0,0.5,0,0,79
28-05-2025,OLD CT,7.55,0,25,0,2425,1625,630,349,281,164,4,0,0,0.5,0,0,71
28-05-2025,OLD CT,7.85,23,0,0,559,375,220,180,40,150,4.1,0,0,0.5,0,0,82
29-05-2025,CT 850 TPD,7.22,18,0,0.1,1422,953,581,308,273,151,4.5,0,0,0,0,0,19
29-05-2025,ECH CT,8.3,0,0,0.1,895,599,100,62,38,275,2.3,62,0,0,0,0,0
29-05-2025,NEW CT,8.18,19,0,0,1023,686,594,334,260,173,4.2,0,0,0.5,0,0,82
29-05-2025,OLD CT,7.4,22,0,0,789,529,211,176,35,151,4,0,0,0.5,0,0,79
30-05-2025,CT 850 TPD,7.52,20,0,0,1386,929,585,312,273,158,4.6,0,0,0,0,0,20
30-05-2025,ECH CT,8.2,22,0,0.5,941,630,110,68,42,228,2,95,0,0,0,0,0
30-05-2025,NEW CT,8.25,22,0,0,1247,836,598,321,277,165,4,0,0,0.4,0,0,85
30-05-2025,OLD CT,7.41,23,0,0,1098,736,396,229,167,165,4.2,0,0,0.4,0,0,75
31-05-2025,CT 850 TPD,7.26,23,0,0.2,1485,995,616,321,295,165,4.5,0,0,0,0,0,21
31-05-2025,ECH CT,8.4,19,0,0.1,1029,689,160,99,61,260,2,100,2,0,0,0,0
31-05-2025,NEW CT,8.18,19,0,0,1023,686,594,334,260,173,4.2,0,0,0.5,0,0,82
31-05-2025,OLD CT,7.45,21,0,0,1141,765,392,224,168,151,4.1,0,0,0.4,0,0,78
02-06-2025,CT 850 TPD,7.37,18,0,0.3,1322,886,625,323,302,158,4.2,0,0,0,0,0,24
02-06-2025,ECH CT,8.1,29,0,0.4,1168,782,210,130,80,293,2,75,0,0,0,0,0
02-06-2025,NEW CT,7.99,18,0,0,888,595,594,332,262,162,4.2,0,0,0.5,0,0,76
02-06-2025,OLD CT,6.86,22,0,0,1500,1005,409,220,189,165,4.3,0,0,0.4,0,0,80
03-06-2025,CT 850 TPD,7.02,21,0,0.3,1507,1010,633,330,303,165,4.1,0,0,0,0,0,26
03-06-2025,ECH CT,8.2,42,0,0,1182,791,200,124,76,275,2,80,0,0,0,0,0
03-06-2025,NEW CT,8.15,23,0,0.2,1085,727,603,342,261,158,4.3,0,0,0.5,0,0,84
03-06-2025,OLD CT,6.98,22,0,0,1876,1257,415,227,188,173,4.2,0,0,0.5,0,0,78
04-06-2025,CT 850 TPD,7.05,21,0,0.7,1455,975,642,334,308,180,4.2,0,0,0,0,0,25
04-06-2025,ECH CT,7.9,38,0,0.3,991,663,180,111,69,270,1.8,60,0,0,0,0,0
04-06-2025,NEW CT,8.3,21,0,0,902,605,514,325,189,165,4.5,0,0,0.5,0,0,85
04-06-2025,OLD CT,7.15,20,0,0,1726,1157,544,248,296,180,4.3,0,0,0.6,0,0,88
05-06-2025,CT 850 TPD,7.55,23,0,0,1332,893,636,340,296,187,4.6,0,0,0,0,0,22
05-06-2025,ECH CT,7.9,32,0,0.2,988,661,169,104,65,265,1.8,54,0,0,0,0,0
05-06-2025,NEW CT,8.27,20,0,0,938,629,538,340,198,187,4.6,0,0,0.4,0,0,80
05-06-2025,OLD CT,6.76,20,0,0,2107,1412,551,253,298,187,4.5,0,0,0.4,0,0,86
06-06-2025,CT 850 TPD,6.76,20,0,0.9,1329,891,641,336,305,180,4.3,0,0,0,0,0,26
06-06-2025,ECH CT,7.3,58,0,0.2,1065,713,193,119,74,284,1.5,50,0,0,0,0,0
06-06-2025,NEW CT,8.32,18,0,0,976,654,547,345,202,172,4.5,0,0,0.5,0,0,83
06-06-2025,OLD CT,7.15,18,0,0,2283,1530,564,260,304,173,4.8,0,0,0.4,0,0,89
07-06-2025,CT 850 TPD,7.25,49,0,0.5,1277,856,654,323,331,151,4.6,0,0,0,0,0,22
07-06-2025,ECH CT,5.7,40,0,0.2,954,639,165,102,63,248,1.5,20,0,0,0,0,0
07-06-2025,NEW CT,8.56,20,0,0.5,907,608,560,332,228,158,4.2,0,0,0.5,0,0,79
07-06-2025,OLD CT,6.86,20,0,0.5,2365,1585,556,246,310,180,4.4,0,0,0.5,0,0,82
09-06-2025,CT 850 TPD,7.4,26,0,0.3,1365,915,609,323,286,153,4.6,0,0,0,0,0,23
09-06-2025,ECH CT,8.2,52,0,0.5,1151,771,173,110,63,258,1.5,40,0,0,0,0,0
09-06-2025,NEW CT,8.7,23,0,0,1283,860,538,307,231,162,4.5,0,0,0.5,0,0,76
09-06-2025,OLD CT,7.5,18,0,0.5,2667,1787,519,244,275,186,4.8,0,0,0.5,0,0,81
10-06-2025,CT 850 TPD,7.08,35,0,0.4,1389,931,597,309,288,157,4.5,0,0,0,0,0,25
10-06-2025,ECH CT,8.1,0,0,0.2,1048,702,165,102,63,247,1.5,44,0,0,0,0,0
10-06-2025,NEW CT,7.89,22,0,0.2,1356,909,523,301,222,158,4.2,0,0,0.4,0,0,72
10-06-2025,OLD CT,7.15,25,0,0,2755,1846,515,229,286,178,4.2,0,0,0.5,0,0,75
11-06-2025,CT 850 TPD,7.75,38,0,0.5,1485,995,602,313,289,167,4.6,0,0,0,0,0,27
11-06-2025,ECH CT,8.2,45,0,0.4,1000,670,153,94,59,248,2,46,0,0,0,0,0
11-06-2025,NEW CT,8.02,25,0,0.8,1328,890,507,305,202,144,4.3,0,0,0.5,0,0,77
11-06-2025,OLD CT,7.46,23,0,0.5,2840,1903,584,248,336,200,4.3,0,0,0.6,0,0,76
12-06-2025,CT 850 TPD,7.6,64,38,0.7,960,643,410,266,144,280,4.9,45,0,0,0,0,0
12-06-2025,ECH CT,8,71,44,0.2,1097,735,200,124,76,284,2.5,37,0,0,0,0,0
12-06-2025,NEW CT,7.7,49,35,0,1100,737,439,271,168,244,6,0,0,0.3,0,0,0
12-06-2025,OLD CT,7.1,11,7,0,2360,1581,840,520,320,354,6.3,0,0,0.2,0,0,0
13-06-2025,CT 850 TPD,7.6,52,34,0.6,930,623,400,254,146,283,4.8,48,0,0,0,0,0
13-06-2025,ECH CT,7.7,66,40,0.3,1153,772,210,130,80,286,2.5,40,0,0,0,0,0
13-06-2025,NEW CT,8.2,43,0,0,1050,703,422,263,159,246,6.3,0,0,0.3,0,0,0
13-06-2025,OLD CT,7.2,17,12,0,2330,1561,832,502,330,350,6.2,0,0,0.2,0,0,0
14-06-2025,CT 850 TPD,7.6,0,51,0.6,900,603,395,244,151,272,4.4,50,0,0.3,0,0,0
14-06-2025,ECH CT,8,69,47,0,1284,860,220,134,86,270,2.3,45,0,0,0,0,0
14-06-2025,NEW CT,8.5,0,20,0,1068,715,430,268,162,249,6,0,0,0.3,0,0,0
14-06-2025,OLD CT,7.6,0,10,0,2130,1427,809,488,321,342,6.1,0,0,0.2,0,0,0
16-06-2025,CT 850 TPD,8.1,0,35,0,831,556,358,212,146,203,6,53,0,0.3,0,0,0
16-06-2025,ECH CT,8.4,0,27,0.1,1071,718,200,124,76,262,2.1,66,0,0,0,0,0
16-06-2025,NEW CT,8.1,0,31,1,1042,698,412,254,158,262,6.4,0,0,0.3,0,0,0
16-06-2025,OLD CT,7.2,0,27,0.8,2260,1514,842,493,349,355,5.9,50,0,0.2,0,0,0
17-06-2025,CT 850 TPD,8.3,0,25,0,775,519,265,167,98,210,6.3,67,0,0.3,0,0,0
17-06-2025,ECH CT,8.4,0,22,0,978,655,180,111,69,248,1.8,70,2,0.4,0,0,0
17-06-2025,NEW CT,8.3,0,27,0,1038,690,380,238,142,213,5.7,95,0,0.3,0,0,0
17-06-2025,OLD CT,7.2,0,26,0.4,2260,1510,780,486,294,280,6.1,35,0,0.2,0,0,0
18-06-2025,CT 850 TPD,8.77,0,23,0,937,628,643,405,238,157,4.3,0,0,0,0,0,26
18-06-2025,ECH CT,8.5,0,13,0,1000,670,195,120,75,260,2.1,66,3,0.4,0,0,0
18-06-2025,NEW CT,8.88,0,18,0.8,1374,921,562,371,191,180,4.5,0,0,0.5,0,0,72
18-06-2025,OLD CT,7.05,0,20,0,2586,1733,624,243,381,178,4.4,0,0,0.4,0,0,71
19-06-2025,CT 850 TPD,8.22,0,23,0,900,603,628,395,233,150,4.6,0,0,0,0,0,25
19-06-2025,ECH CT,8.5,0,12,0,953,638,200,124,76,240,2.5,50,0,0.3,0,0,0
19-06-2025,NEW CT,8.33,0,19,0,1426,956,571,362,209,186,4.3,0,0,0.5,0,0,70
19-06-2025,OLD CT,7.44,0,16,0.6,2488,1667,600,328,272,186,4.3,0,0,0.5,0,0,73
20-06-2025,CT 850 TPD,7.56,0,18,0.2,913,612,638,395,243,157,4.5,0,0,0,0,0,25
20-06-2025,ECH CT,8.5,0,13,0,940,624,193,119,74,236,2.1,53,0,0.3,0,0,0
20-06-2025,NEW CT,8.34,0,18,0,1365,915,569,362,207,178,4.2,0,0,0.5,0,0,72
20-06-2025,OLD CT,7.46,0,18,0,2425,1625,602,319,283,171,4.2,0,0,0.4,0,0,70
21-06-2025,CT 850 TPD,7.45,0,20,0.3,983,659,633,390,243,150,4.4,0,0,0,0,0,28
21-06-2025,ECH CT,8.4,0,14,0,900,603,160,99,61,236,2,66,2,0,0,0,0
21-06-2025,NEW CT,8.5,0,19,0,1308,877,566,367,199,171,4,0,0,0.5,0,0,75
21-06-2025,OLD CT,7.6,0,19,0,2541,1703,609,324,285,178,4.2,0,0,0.5,0,0,74
23-06-2025,CT 850 TPD,6.22,0,20,0.2,970,650,647,391,256,142,4.5,0,0,0,0,0,26
23-06-2025,ECH CT,8.4,0,14,0,910,609,135,72,63,229,2,50,0,0.3,0,0,0
23-06-2025,NEW CT,8.59,0,19,0,1156,775,555,362,193,186,4.2,0,0,0.4,0,0,77
23-06-2025,OLD CT,8.36,0,22,0,2326,1559,600,317,283,182,4.3,0,0,0.4,0,0,75
24-06-2025,CT 850 TPD,7.25,0,23,0,1080,724,652,395,257,157,4.5,0,0,0.1,0,0,29
24-06-2025,ECH CT,8.3,0,0,0,815,546,115,71,44,213,2.2,62,0,0.3,0,0,0
24-06-2025,NEW CT,7.84,0,20,0,1177,789,562,352,210,178,4.3,0,0,0.5,0,0,75
24-06-2025,OLD CT,7.47,0,24,0,2611,1750,595,305,290,171,4.2,0,0,0.5,0,0,77
25-06-2025,CT 850 TPD,7.18,0,22,0.2,1073,719,655,361,294,150,4.7,0,0,0,0,0,25
25-06-2025,ECH CT,8.2,0,12,0,803,538,120,75,45,216,2,55,0,0.3,0,0,0
25-06-2025,NEW CT,7.44,0,16,0,1355,908,588,328,260,171,4.2,0,0,0.5,0,0,78
25-06-2025,OLD CT,7.09,0,20,0.5,2623,1758,622,357,265,157,4.3,0,0,0.6,0,0,75
26-06-2025,CT 850 TPD,7.82,0,18,0,1005,679,664,357,307,157,4.6,0,0,0,0,0,24
26-06-2025,ECH CT,8.1,0,19,0.2,889,596,110,68,42,220,1.9,52,0,0.3,0,0,0
26-06-2025,NEW CT,7.3,0,18,0,1141,765,596,319,277,182,4.6,0,0,0.5,0,0,82
26-06-2025,OLD CT,7.36,0,16,0,2600,1742,626,361,265,171,4.5,0,0,0.5,0,0,79
27-06-2025,CT 850 TPD,7.3,0,22,0,1047,702,672,357,315,164,4.3,0,0,0,0,0,26
27-06-2025,ECH CT,8,0,0,0,895,599,119,73,46,207,2.2,56,0,0.3,0,0,0
27-06-2025,NEW CT,7.89,0,21,0,1217,816,617,315,302,175,4.3,0,0,0.4,0,0,81
27-06-2025,OLD CT,8.1,0,20,0,2713,1818,634,357,277,168,4.2,0,0,0.5,0,0,75
28-06-2025,CT 850 TPD,7.59,0,19,0.4,1035,694,664,349,315,157,4.4,0,0,0,0,0,22
28-06-2025,ECH CT,7.9,0,18,0,830,556,120,74,46,213,2,33,0,0.3,0,0,0
28-06-2025,NEW CT,8.1,0,17,0,1273,853,613,311,302,164,4.2,0,0,0.5,0,0,79
30-06-2025,CT 850 TPD,7.93,0,22,0.1,868,582,678,352,326,164,4.3,0,0,0,0,0,24
30-06-2025,ECH CT,8.2,0,10,0,703,471,110,68,42,177,2.3,45,0,0.2,0,0,0
30-06-2025,NEW CT,8.78,0,21,0,1374,921,619,318,301,171,4.2,0,0,0.5,0,0,78
30-06-2025,OLD CT,7.54,0,20,0,2432,1630,636,352,284,164,4.1,0,0,0.5,0,0,76
01-07-2025,CT 850 TPD,7.25,0,22,0.1,1088,729,674,352,322,157,4.2,0,0,0,0,0,25
01-07-2025,ECH CT,8.2,0,11,0,668,471,121,75,46,185,2.3,45,0,0.2,0,0,0
01-07-2025,NEW CT,7.01,0,20,0.5,1307,876,615,314,301,164,4.3,0,0,0.5,0,0,72
01-07-2025,OLD CT,6.88,0,24,0,2611,1750,628,360,268,171,4.2,0,0,0.5,0,0,75
02-07-2025,CT 850 TPD,7.89,0,21,0,1059,710,700,360,340,178,4.3,0,0,0,0,0,21
02-07-2025,ECH CT,8.1,0,16,0,704,471,115,71,44,220,3,42,0,0.2,0,0,0
02-07-2025,NEW CT,7.5,0,19,0,1485,995,636,322,314,178,4.4,0,0,0.5,0,0,78
02-07-2025,OLD CT,7.02,0,20,0,2628,1761,636,356,280,164,4.3,0,0,0.5,0,0,69
03-07-2025,CT 850 TPD,7.67,0,16,0.5,1059,710,640,354,286,177,4.5,0,0,0,0,0,20
03-07-2025,ECH CT,8.2,0,18,0,725,485,110,68,42,200,3,50,0,0.2,0,0,0
03-07-2025,NEW CT,7.71,0,18,0,1279,857,649,331,318,177,4.6,0,0,0.5,0,0,80
03-07-2025,OLD CT,6.98,0,22,0,3104,2080,644,365,279,185,4.5,0,0,0.5,0,0,67
04-07-2025,CT 850 TPD,7.74,0,19,0.5,1140,764,642,352,290,185,4.3,0,0,0,0,0,21
04-07-2025,ECH CT,8.2,0,23,0,774,518,100,62,38,213,2.7,50,0,0.3,0,0,0
04-07-2025,NEW CT,7.66,0,17,0,1268,850,644,322,322,187,4.5,0,0,0.5,0,0,0
04-07-2025,OLD CT,6.78,0,20,0,2820,1890,628,365,263,177,4.6,0,0,0.5,0,0,65
05-07-2025,CT 850 TPD,7.59,0,19,0.5,1110,744,653,339,314,203,4.5,0,0,0,0,0,19
05-07-2025,ECH CT,8.4,0,20,0,747,501,110,65,45,225,2.5,50,2,0.3,0,0,0
05-07-2025,NEW CT,7.29,0,19,0,1025,687,636,374,262,203,4.2,0,0,0.5,0,0,88
05-07-2025,OLD CT,7.3,0,20,0,2716,1820,636,348,288,194,4.4,0,0,0.5,0,0,71
07-07-2025,CT 850 TPD,7.9,0,18,0,1110,744,670,348,322,177,4.5,0,0,0,0,0,21
07-07-2025,ECH CT,8.5,0,15,0,701,469,120,74,46,213,2.5,66,3,0.3,0,0,0
07-07-2025,NEW CT,7.5,0,18,0,1319,884,670,305,365,185,4.1,0,0,0.5,0,0,79
07-07-2025,OLD CT,7.5,0,18,0,2502,1679,632,360,272,194,4.5,0,0,0.5,0,0,72
08-07-2025,CT 850 TPD,7.93,0,22,0.2,1123,753,661,346,315,164,4.4,0,0,0,0,0,20
08-07-2025,ECH CT,8.3,0,13,0,646,432,112,70,42,190,2.3,60,1,0.2,0,0,0
08-07-2025,NEW CT,7.98,0,20,0.1,1313,880,661,310,351,174,4.3,0,0,0.5,0,0,78
08-07-2025,OLD CT,6.73,0,22,0.6,2723,1825,628,365,263,153,4.4,0,0,0.5,0,0,74
09-07-2025,CT 850 TPD,8.03,0,19,0.2,1167,782,674,348,326,174,4.2,0,0,0,0,0,19
09-07-2025,ECH CT,8.4,0,10,0,610,408,120,74,46,210,2.3,50,2,0.2,0,0,0
09-07-2025,NEW CT,8.38,0,15,0.2,1364,914,678,318,360,196,4.2,0,0,0.5,0,0,75
09-07-2025,OLD CT,7.86,0,22,0.2,2208,1480,784,403,381,182,4.2,0,0,0.5,0,0,78
10-07-2025,CT 850 TPD,7.67,0,19,0.2,1223,820,676,352,324,189,4,0,0,0,0,0,20
10-07-2025,ECH CT,8.4,0,20,0,681,456,127,78,49,205,2,56,2,0.2,0,0,0
10-07-2025,NEW CT,7.49,0,16,1,1268,850,691,314,377,189,4.1,0,0,0.5,0,0,79
10-07-2025,OLD CT,6.78,0,18,0,2522,1690,797,390,407,167,4.5,0,0,0.5,0,0,70
11-07-2025,CT 850 TPD,7.86,0,17,0.1,1201,805,666,345,321,182,4.2,0,0,0,0,0,18
11-07-2025,ECH CT,8.3,0,12,0,666,446,120,74,46,216,2,60,0,0.3,0,0,0
11-07-2025,NEW CT,7.65,0,19,0.5,1459,978,712,318,394,182,4.3,0,0,0.5,0,0,85
11-07-2025,OLD CT,7.27,0,18,0,2823,1892,814,390,424,189,4.6,0,0,0.5,0,0,75
12-07-2025,CT 850 TPD,6.47,0,15,0.4,1252,839,653,343,310,182,4.5,0,0,0,0,0,20
12-07-2025,ECH CT,8.35,0,12,0,700,469,112,70,42,202,2.3,60,1,0.2,0,0,0
12-07-2025,NEW CT,8.12,0,23,0,1838,1232,700,305,395,204,4.5,0,0,0.5,0,0,78
12-07-2025,OLD CT,6.86,0,25,0,3164,2120,827,399,428,160,4.5,0,0,0.5,0,0,82
14-07-2025,CT 850 TPD,7.98,0,19,0.1,1263,846,640,337,303,174,4.7,0,0,0,0,0,18
14-07-2025,ECH CT,8.2,0,0,0,728,488,120,78,42,213,2,66,0,0.2,0,0,0
14-07-2025,NEW CT,8.05,0,21,0.1,1792,1201,700,310,390,196,4.4,0,0,0.5,0,0,76
14-07-2025,OLD CT,6.98,0,19,0,3119,2090,810,390,420,167,4.3,0,0,0.5,0,0,74
15-07-2025,CT 850 TPD,8.14,0,20,0.1,1312,879,636,335,301,160,4.5,0,0,0,0,0,20
15-07-2025,ECH CT,8.3,0,18,0,765,512,110,68,42,220,2,90,0,0.2,0,0,0
15-07-2025,NEW CT,8.16,0,20,1,1880,1260,695,314,381,182,4.3,0,0,0.5,0,0,79
15-07-2025,OLD CT,7.02,0,20,0,3179,2130,806,386,420,145,4.2,0,0,0.5,0,0,73
16-07-2025,CT 850 TPD,7.98,0,19,0.4,1313,880,704,373,331,169,4.4,0,0,0,0,0,18
16-07-2025,ECH CT,8.3,0,0,0.1,776,519,116,70,46,218,2.1,88,0,0.2,0,0,0
16-07-2025,NEW CT,8.23,0,19,0,1731,1160,806,420,386,218,4.5,0,0,0.5,0,0,72
16-07-2025,OLD CT,7.25,0,20,0,3097,1840,1039,551,488,204,4.1,0,0,0.4,0,0,81
17-07-2025,CT 850 TPD,7.68,0,17,0.5,1410,945,717,348,369,174,4.6,0,0,0,0,0,16
17-07-2025,ECH CT,8.2,0,17,0,860,576,100,62,38,210,2,75,0,0.2,0,0,0
17-07-2025,NEW CT,7.84,0,19,0,1792,1201,814,403,411,233,4.2,0,0,0.5,0,0,76
17-07-2025,OLD CT,7.75,0,17,0,2965,1987,1052,557,495,182,4.3,0,0,0.5,0,0,78
18-07-2025,CT 850 TPD,8.11,0,22,0,1461,979,721,367,354,182,4.5,0,0,0,0,0,15
18-07-2025,ECH CT,8.1,0,19,0,915,613,114,71,43,243,2.3,66,0,0.2,0,0,0
18-07-2025,NEW CT,7.89,0,22,1,1874,1256,838,402,436,254,4.4,0,0,0.5,0,0,79
18-07-2025,OLD CT,7.5,0,19,0,2425,1628,1036,583,453,189,4.2,0,0,0.5,0,0,72
19-07-2025,CT 850 TPD,8.1,0,22,0.5,1365,915,713,363,350,167,4.4,0,0,0,0,0,17
19-07-2025,ECH CT,8.2,0,17,0,935,627,122,75,47,231,2.3,69,0,0.2,0,0,0
19-07-2025,NEW CT,6.5,0,19,0.2,1734,1162,829,406,423,247,4.5,0,0,0.5,0,0,82
19-07-2025,OLD CT,6.75,0,20,0.1,1779,1192,1058,570,488,174,4.5,0,0,0.5,0,0,76
21-07-2025,ECH CT,8.15,0,16,0,923,612,118,70,48,224,2.1,66,0,0.2,0,0,0
21-07-2025,NEW CT,8.05,0,18,0,1741,1167,855,408,447,249,4.5,0,0,0.5,0,0,73
21-07-2025,OLD CT,7.12,0,20,0,1818,1218,1076,572,504,178,4.5,0,0,0.5,0,0,76
22-07-2025,CT 850 TPD,7.29,0,21,0.6,1423,954,713,367,346,163,4.5,0,0,0,0,0,17
22-07-2025,ECH CT,8.2,0,0,0,930,623,140,66,74,250,2,66,0,0.2,0,0,0
22-07-2025,NEW CT,7.52,0,20,0,1491,999,847,406,441,241,4.4,0,0,0.4,0,0,72
22-07-2025,OLD CT,6.85,0,21,0,1680,1126,1071,579,492,170,4.2,0,0,0.5,0,0,72
23-07-2025,CT 850 TPD,7.88,0,21,0.2,1428,957,969,384,585,156,4.2,0,0,0,0,0,15
23-07-2025,ECH CT,8.1,0,0,0,1164,780,125,77,48,225,2.3,58,0,0.2,0,0,0
23-07-2025,NEW CT,8.44,0,25,0,1629,1092,864,471,393,227,4.5,0,0,0.5,0,0,78
23-07-2025,OLD CT,6.68,0,16,0,2435,1632,1058,583,475,163,4.3,0,0,0.6,0,0,70
24-07-2025,CT 850 TPD,7.41,0,22,0.2,1460,978,708,376,332,163,4.4,0,0,0,0,0,16
24-07-2025,ECH CT,8.1,0,18,0,1043,698,160,99,61,248,2.2,55,0,0.2,0,0,0
24-07-2025,NEW CT,8.05,0,19,0,1500,1005,855,467,388,234,4.6,0,0,0.4,0,0,75
24-07-2025,OLD CT,7.3,0,22,0.5,1788,1198,1067,579,488,160,4.4,0,0,0.5,0,0,72
25-07-2025,CT 850 TPD,7.53,0,19,0.4,1497,1003,726,363,363,142,4.5,0,0,0,0,0,15
25-07-2025,ECH CT,8.16,0,21,0,1067,715,148,91,57,238,2.1,57,0,0.2,0,0,0
25-07-2025,NEW CT,8.32,0,22,0,1588,1064,851,454,397,249,4.5,0,0,0.5,0,0,82
25-07-2025,OLD CT,7.33,0,18,0,1658,1111,1076,570,506,178,4.5,0,0,0.5,0,0,75
26-07-2025,CT 850 TPD,7.94,0,22,0.1,1565,1049,717,380,337,149,4.4,0,0,0,0,0,16
26-07-2025,ECH CT,8.25,0,20,0,1039,696,140,86,54,230,2,50,0,0.2,0,0,0
26-07-2025,NEW CT,8.46,0,22,0,1473,987,864,467,397,270,4.5,0,0,0.5,0,0,87
26-07-2025,OLD CT,7.63,0,20,0.1,2456,1646,1058,583,475,156,4.3,0,0,0.5,0,0,85
27-07-2025,CT 850 TPD,7.73,0,20,0.3,1360,911,726,376,350,178,4.4,0,0,0,0,0,15
28-07-2025,CT 850 TPD,0,0,0,0,0,0,0,0,0,0,0,0,0,0,0,0,0
28-07-2025,ECH CT,8.35,0,16,0,1098,736,120,74,46,284,2.2,75,0,0.2,0,0,0
28-07-2025,NEW CT,8.43,0,39,0.6,1325,888,868,462,406,263,4.5,0,0,0.5,0,0,84
28-07-2025,OLD CT,6.56,0,31,0.6,2923,1959,1061,581,480,163,4.4,0,0,0.5,0,0,79
29-07-2025,CT 850 TPD,8.18,0,31,0.2,1416,949,736,368,368,142,4.1,0,0,0,0,0,14
29-07-2025,ECH CT,8.3,0,17,0,1120,752,132,82,50,269,2,78,0,0.2,0,0,0
29-07-2025,NEW CT,8.35,0,25,0.8,1420,952,883,465,418,249,4.2,0,0,0.5,0,0,78
29-07-2025,OLD CT,6.95,0,55,0,2668,1788,1072,580,492,156,4.3,0,0,0.4,0,0,74
30-07-2025,CT 850 TPD,7.75,0,20,0.1,2028,1359,851,459,392,156,4.3,0,0,0,0,0,16
30-07-2025,ECH CT,8.45,0,15,0,1192,798,146,90,56,270,2,80,0,0.2,0,0,0
30-07-2025,NEW CT,7.98,0,22,0.6,1717,1151,998,529,469,256,4.2,0,0,0.5,0,0,80
30-07-2025,OLD CT,6.98,0,32,0,2685,1799,1104,511,593,150,4.5,0,0,0.6,0,0,75
31-07-2025,CT 850 TPD,7.98,0,22,0.4,1612,1080,819,460,359,149,4.4,0,0,0,0,0,0
31-07-2025,ECH CT,0,0,0,0,0,0,0,0,0,0,0,0,0,0,0,0,0
31-07-2025,NEW CT,7.96,0,21,0.5,1463,980,897,506,391,263,4.3,0,0,0.5,0,0,76
31-07-2025,OLD CT,7.48,0,25,0.6,2493,1670,1095,621,474,163,4.5,0,0,0.6,0,0,79
01-08-2025,CT 850 TPD,7.56,0,20,0,1643,1101,857,486,371,142,4.2,0,0,0,0,0,15
01-08-2025,ECH CT,0,0,0,0,0,0,0,0,0,0,0,0,0,0,0,0,0
01-08-2025,NEW CT,7.61,0,18,0,1704,1142,919,514,405,249,4.5,0,0,0.4,0,0,83
01-08-2025,OLD CT,6.68,0,21,0,2562,1717,1066,628,438,170,4.3,0,0,0.5,0,0,81
02-08-2025,CT 850 TPD,7.62,0,20,0,1643,1101,862,481,381,135,4.5,0,0,0,0,0,13
02-08-2025,ECH CT,0,0,0,0,0,0,0,0,0,0,0,0,0,0,0,0,0
02-08-2025,NEW CT,7.8,0,18,0,1662,1114,909,500,409,234,4.5,0,0,0.5,0,0,80
02-08-2025,OLD CT,6.76,0,22,0,2468,1654,1052,619,433,163,4.1,0,0,0.4,0,0,85
04-08-2025,CT 850 TPD,7.48,0,31,0.4,1188,796,852,476,376,133,4.4,0,0,0,0,0,10
04-08-2025,ECH CT,0,0,0,0,0,0,0,0,0,0,0,0,0,0,0,0,0
04-08-2025,NEW CT,8.39,0,19,0,1231,825,904,492,412,287,4.2,0,0,0.4,0,0,79
04-08-2025,OLD CT,7.27,0,22,0,1747,1171,1054,619,435,144,4.1,0,0,0.5,0,0,78
05-08-2025,CT 850 TPD,7.8,0,20,0.4,1137,762,857,483,374,136,4.3,0,0,0,0,0,11
05-08-2025,ECH CT,0,0,0,0,0,0,0,0,0,0,0,0,0,0,0,0,0
05-08-2025,NEW CT,7.75,0,19,0,1314,881,900,486,414,208,4.3,0,0,0.5,0,0,75
05-08-2025,OLD CT,6.62,0,22,0,2165,1451,1047,614,433,129,4.2,0,0,0.5,0,0,81
06-08-2025,CT 850 TPD,7.8,0,22,0.1,1298,870,862,476,386,144,4.2,0,0,0,0,0,12
06-08-2025,ECH CT,0,0,0,0,0,0,0,0,0,0,0,0,0,0,0,0,0
06-08-2025,NEW CT,8.1,0,18,0,1479,984,914,500,414,230,4.4,0,0,0.5,0,0,78
06-08-2025,OLD CT,7.72,0,26,0,1841,1234,1052,624,428,195,4.1,0,0,0.5,0,0,86
07-08-2025,CT 850 TPD,7.38,0,20,0.2,1232,826,857,481,376,140,4.3,0,0,0,0,0,10
07-08-2025,ECH CT,0,0,0,0,0,0,0,0,0,0,0,0,0,0,0,0,0
07-08-2025,NEW CT,8.16,0,18,0,1316,882,909,505,404,223,4.5,0,0,0.4,0,0,75
07-08-2025,OLD CT,7.7,0,21,0,1916,1284,1057,619,438,118,4.2,0,0,0,0,0,80
08-08-2025,CT 850 TPD,7.22,0,20,0,1219,817,852,476,376,151,4.1,0,0,0,0,0,11
08-08-2025,ECH CT,8.6,0,57,0,1136,761,110,62,48,388,0,80,2,0.4,0,0,0
08-08-2025,NEW CT,8.4,0,18,0,1375,921,907,509,398,215,4.4,0,0,0.5,0,0,80
08-08-2025,OLD CT,7.46,0,20,0.5,1999,1339,1066,614,452,144,4,0,0,0.4,0,0,85
11-08-2025,CT 850 TPD,8.14,0,20,0.2,1240,831,819,457,362,144,4.3,0,0,0,0,0,14
11-08-2025,ECH CT,8.4,0,18,0,1254,840,100,62,38,340,0,50,0,0,0,0,0
11-08-2025,NEW CT,8.47,0,18,0,1543,1034,904,486,418,201,4.3,0,0,0.4,0,0,76
11-08-2025,OLD CT,7.73,0,20,0.1,1858,1245,1057,571,486,165,4.5,0,0,0.4,0,0,80
12-08-2025,CT 850 TPD,7.98,0,22,0.4,1246,835,814,466,348,151,4.2,0,0,0,0,0,12
12-08-2025,ECH CT,8.5,0,17,0,1270,850,119,74,45,290,0,62,2,0.2,0,0,0
12-08-2025,NEW CT,8.35,0,20,0,1574,1055,909,495,414,215,4.2,0,0,0.4,0,0,78
12-08-2025,OLD CT,8.06,0,22,0,1680,1126,1061,576,485,158,4.4,0,0,0.5,0,0,77
13-08-2025,CT 850 TPD,7.68,0,21,0.1,1195,801,738,471,267,158,4.1,0,0,0,0,0,11
13-08-2025,ECH CT,8.4,0,18,0,1104,740,116,70,46,283,0,60,2,0.2,0,0,0
13-08-2025,NEW CT,8.29,0,19,0,1570,1052,881,490,391,230,4.1,0,0,0.5,0,0,76
13-08-2025,OLD CT,8.04,0,21,0.1,1504,1008,857,614,243,151,4.2,0,0,0.4,0,0,78
14-08-2025,CT 850 TPD,8.26,0,16,0,1243,833,752,466,286,165,4.3,0,0,0,0,0,10
14-08-2025,ECH CT,8.6,0,20,0,1574,1054,190,117,73,400,0,100,2,0.3,0,0,0
14-08-2025,NEW CT,7.63,0,18,1,1592,1067,885,500,385,237,4.3,0,0,0.5,0,0,72
14-08-2025,OLD CT,7.16,0,22,1,1520,1019,838,600,238,165,4.1,0,0,0.5,0,0,72
15-08-2025,CT 850 TPD,7.81,0,19,0,1194,800,857,438,419,179,4.2,0,0,0,0,0,12
15-08-2025,ECH CT,8.6,0,24,0,1402,980,200,124,76,396,0,105,2,0.3,0,0,0
15-08-2025,NEW CT,8.12,0,20,1,1671,1120,890,505,385,230,4.1,0,0,0.5,0,0,76
15-08-2025,OLD CT,8.39,0,18,0,1673,1121,852,595,257,151,4.2,0,0,0.5,0,0,70
18-08-2025,CT 850 TPD,8.25,0,20,0.2,1280,858,776,443,333,170,4.2,0,0,0,0,0,10
18-08-2025,ECH CT,8.8,0,34,0,1138,763,190,116,74,388,0,110,3,0.3,0,0,0
18-08-2025,NEW CT,7.89,0,21,0.1,1625,1098,895,495,400,250,4.1,0,0,0.5,0,0,75
18-08-2025,OLD CT,8.83,0,22,0,1914,1283,837,581,256,149,4.2,0,0,0.4,0,0,78
19-08-2025,CT 850 TPD,7.53,0,21,0.2,1322,886,666,395,271,144,4.3,0,0,0,0,0,11
19-08-2025,ECH CT,8.5,0,42,0,1134,760,215,133,82,380,2.2,105,2,0.3,0,0,0
19-08-2025,NEW CT,7.82,0,20,0.1,1574,1055,890,493,397,249,4.2,0,0,0.4,0,0,72
19-08-2025,OLD CT,7.6,0,19,0,2971,1991,914,585,329,142,4.1,0,0,0.5,0,0,72
20-08-2025,CT 850 TPD,8.13,0,24,0.2,1361,912,671,400,271,170,4.2,0,0,0,0,0,10
20-08-2025,ECH CT,8.7,0,44,0,1050,704,200,128,72,355,2.3,100,2,0.4,0,0,0
20-08-2025,NEW CT,8.48,0,17,0.5,2238,1500,855,500,355,241,4.3,0,0,0.5,0,0,74
20-08-2025,OLD CT,8.49,0,18,0,2137,1432,909,576,333,156,4,0,0,0.5,0,0,74
21-08-2025,CT 850 TPD,8.22,0,20,0.5,1286,862,662,409,253,163,4,0,0,0,0,0,11
21-08-2025,ECH CT,8.7,0,40,0,1230,825,205,127,78,284,1.9,102,2,0.3,0,0,0
21-08-2025,NEW CT,7.53,0,20,1,1979,1326,857,490,367,227,4,0,0,0.5,0,0,73
21-08-2025,OLD CT,8.02,0,21,0.5,2449,1641,928,571,357,156,4.3,0,0,0.5,0,0,76
22-08-2025,CT 850 TPD,7.94,0,20,0.5,1274,854,676,400,276,156,5,0,0,0,0,0,12
22-08-2025,ECH CT,8.6,0,38,0,1214,800,200,125,75,275,1.8,100,2,0.3,0,0,0
22-08-2025,NEW CT,7.84,0,18,0.2,1232,826,871,495,376,256,4.1,0,0,0.5,0,0,75
22-08-2025,OLD CT,8.22,0,18,0.2,1765,1183,923,574,349,142,4.4,0,0,0.5,0,0,79
23-08-2025,CT 850 TPD,7.92,0,22,0.5,1620,1086,690,390,300,149,5,0,0,0,0,0,10
23-08-2025,ECH CT,8.6,0,0,0,1100,737,210,130,80,260,2,105,2,0.3,0,0,0
23-08-2025,NEW CT,8.14,0,18,0,1565,1049,881,490,391,249,4,0,0,0.5,0,0,79
23-08-2025,OLD CT,8.14,0,20,0,1768,1185,628,581,47,163,4.5,0,0,0.5,0,0,81
25-08-2025,NEW CT,8.36,0,19,0.1,1595,1069,870,486,384,227,4,0,0,0.5,0,0,71
25-08-2025,OLD CT,8.5,0,19,0.4,2568,1721,919,571,348,149,4.3,0,0,0.5,0,0,74
26-08-2025,CT 850 TPD,8.18,0,19,0.3,1495,1002,676,381,295,149,4.5,0,0,0,0,0,12
26-08-2025,ECH CT,8.63,0,39,0,851,570,190,118,72,248,2.1,82,2,0.3,0,0,0
26-08-2025,NEW CT,8.17,0,18,0.8,1420,852,869,457,412,234,4.2,0,0,0.5,0,0,75
26-08-2025,OLD CT,8.53,0,18,0.5,2755,1846,927,578,349,142,4,0,0,0.5,0,0,76
27-08-2025,CT 850 TPD,7.99,0,21,0.5,1607,1077,708,426,282,170,4.8,0,0,0,0,0,10
27-08-2025,ECH CT,8.7,0,22,0,740,495,162,100,62,182,1.7,72,2,0.3,0,0,0
27-08-2025,NEW CT,8.02,0,22,0.9,1328,890,739,470,269,220,4.3,0,0,0.5,0,0,79
27-08-2025,OLD CT,7.85,0,20,0.5,2559,1715,1008,627,381,163,4.2,0,0,0.5,0,0,80
28-08-2025,CT 850 TPD,8.01,0,17,0.6,1537,1030,685,417,268,156,4.5,0,0,0,0,0,12
28-08-2025,ECH CT,8.35,0,19,0,761,510,174,108,66,177,1.6,80,0,0.3,0,0,0
28-08-2025,NEW CT,8.11,0,21,0.6,1285,861,762,443,319,206,4.4,0,0,0.6,0,0,81
28-08-2025,OLD CT,8.44,0,18,0.6,2676,1793,1035,650,385,156,4.4,0,0,0.6,0,0,76
29-08-2025,CT 850 TPD,8.06,0,24,0.5,1582,1060,690,423,267,149,4.4,0,0,0,0,0,10
29-08-2025,ECH CT,8.35,0,19,0,730,489,155,100,55,213,1.6,100,2,0.3,0,0,0
29-08-2025,NEW CT,8.08,0,19,1,1410,945,744,486,258,220,4.2,0,0,0.5,0,0,78
29-08-2025,OLD CT,8.32,0,24,0,2741,1837,1024,641,383,149,4.3,0,0,0.5,0,0,79
